<?xml version="1.0" encoding="UTF-8"?>
<profile>
  <name>SourceMeter way</name>
  <language>csharp</language>
  <rules>
    <rule>
      <repositoryKey>SourceMeter_csharp</repositoryKey>
      <key>MET_AD</key>
      <priority>INFO</priority>
    </rule>
    <rule>
      <repositoryKey>SourceMeter_csharp</repositoryKey>
      <key>MET_CBO</key>
      <priority>INFO</priority>
    </rule>
    <rule>
      <repositoryKey>SourceMeter_csharp</repositoryKey>
      <key>MET_CLOC</key>
      <priority>INFO</priority>
    </rule>
    <rule>
      <repositoryKey>SourceMeter_csharp</repositoryKey>
      <key>MET_DLOC</key>
      <priority>INFO</priority>
    </rule>
    <rule>
      <repositoryKey>SourceMeter_csharp</repositoryKey>
      <key>MET_LCOM5</key>
      <priority>INFO</priority>
    </rule>
    <rule>
      <repositoryKey>SourceMeter_csharp</repositoryKey>
      <key>MET_LLOC</key>
      <priority>INFO</priority>
    </rule>
    <rule>
      <repositoryKey>SourceMeter_csharp</repositoryKey>
      <key>MET_LOC</key>
      <priority>INFO</priority>
    </rule>
    <rule>
      <repositoryKey>SourceMeter_csharp</repositoryKey>
      <key>MET_McCC</key>
      <priority>INFO</priority>
    </rule>
    <rule>
      <repositoryKey>SourceMeter_csharp</repositoryKey>
      <key>MET_NII</key>
      <priority>INFO</priority>
    </rule>
    <rule>
      <repositoryKey>SourceMeter_csharp</repositoryKey>
      <key>MET_NLA</key>
      <priority>INFO</priority>
    </rule>
    <rule>
      <repositoryKey>SourceMeter_csharp</repositoryKey>
      <key>MET_NLE</key>
      <priority>INFO</priority>
    </rule>
    <rule>
      <repositoryKey>SourceMeter_csharp</repositoryKey>
      <key>MET_NLM</key>
      <priority>INFO</priority>
    </rule>
    <rule>
      <repositoryKey>SourceMeter_csharp</repositoryKey>
      <key>MET_NLPM</key>
      <priority>INFO</priority>
    </rule>
    <rule>
      <repositoryKey>SourceMeter_csharp</repositoryKey>
      <key>MET_NOC</key>
      <priority>INFO</priority>
    </rule>
    <rule>
      <repositoryKey>SourceMeter_csharp</repositoryKey>
      <key>MET_NOI</key>
      <priority>INFO</priority>
    </rule>
    <rule>
      <repositoryKey>SourceMeter_csharp</repositoryKey>
      <key>MET_NOS</key>
      <priority>INFO</priority>
    </rule>
    <rule>
      <repositoryKey>SourceMeter_csharp</repositoryKey>
      <key>MET_NUMPAR</key>
      <priority>INFO</priority>
    </rule>
    <rule>
      <repositoryKey>SourceMeter_csharp</repositoryKey>
      <key>MET_RFC</key>
      <priority>INFO</priority>
    </rule>
    <rule>
      <repositoryKey>SourceMeter_csharp</repositoryKey>
      <key>MET_TLLOC</key>
      <priority>INFO</priority>
    </rule>
    <rule>
      <repositoryKey>SourceMeter_csharp</repositoryKey>
      <key>MET_TLOC</key>
      <priority>INFO</priority>
    </rule>
    <rule>
      <repositoryKey>SourceMeter_csharp</repositoryKey>
      <key>MET_TNOS</key>
      <priority>INFO</priority>
    </rule>
    <rule>
      <repositoryKey>SourceMeter_csharp</repositoryKey>
      <key>MET_WMC</key>
      <priority>INFO</priority>
    </rule>
    <rule>
      <repositoryKey>SourceMeter_csharp</repositoryKey>
      <key>MET_CCO</key>
      <priority>INFO</priority>
    </rule>
    <rule>
      <repositoryKey>SourceMeter_csharp</repositoryKey>
      <key>MET_CE</key>
      <priority>INFO</priority>
    </rule>
    <rule>
      <repositoryKey>SourceMeter_csharp</repositoryKey>
      <key>MET_CI</key>
      <priority>INFO</priority>
    </rule>
    <rule>
      <repositoryKey>SourceMeter_csharp</repositoryKey>
      <key>MET_CLLC</key>
      <priority>INFO</priority>
    </rule>
    <rule>
      <repositoryKey>SourceMeter_csharp</repositoryKey>
      <key>MET_CLLOC</key>
      <priority>INFO</priority>
    </rule>
    <rule>
      <repositoryKey>SourceMeter_csharp</repositoryKey>
      <key>AAIE</key>
      <priority>MINOR</priority>
    </rule>
    <rule>
      <repositoryKey>SourceMeter_csharp</repositoryKey>
      <key>ACPM</key>
      <priority>CRITICAL</priority>
    </rule>
    <rule>
      <repositoryKey>SourceMeter_csharp</repositoryKey>
      <key>ADA</key>
      <priority>CRITICAL</priority>
    </rule>
    <rule>
      <repositoryKey>SourceMeter_csharp</repositoryKey>
      <key>AEC</key>
      <priority>MINOR</priority>
    </rule>
    <rule>
      <repositoryKey>SourceMeter_csharp</repositoryKey>
      <key>AECC</key>
      <priority>MINOR</priority>
    </rule>
    <rule>
      <repositoryKey>SourceMeter_csharp</repositoryKey>
      <key>AEI</key>
      <priority>MINOR</priority>
    </rule>
    <rule>
      <repositoryKey>SourceMeter_csharp</repositoryKey>
      <key>AEL</key>
      <priority>MINOR</priority>
    </rule>
    <rule>
      <repositoryKey>SourceMeter_csharp</repositoryKey>
      <key>AEPOGT</key>
      <priority>CRITICAL</priority>
    </rule>
    <rule>
      <repositoryKey>SourceMeter_csharp</repositoryKey>
      <key>AFSNBRO</key>
      <priority>MAJOR</priority>
    </rule>
    <rule>
      <repositoryKey>SourceMeter_csharp</repositoryKey>
      <key>AIF</key>
      <priority>MINOR</priority>
    </rule>
    <rule>
      <repositoryKey>SourceMeter_csharp</repositoryKey>
      <key>ALTSNBCV</key>
      <priority>CRITICAL</priority>
    </rule>
    <rule>
      <repositoryKey>SourceMeter_csharp</repositoryKey>
      <key>AMSOCAM</key>
      <priority>BLOCKER</priority>
    </rule>
    <rule>
      <repositoryKey>SourceMeter_csharp</repositoryKey>
      <key>ANFICVVT</key>
      <priority>MINOR</priority>
    </rule>
    <rule>
      <repositoryKey>SourceMeter_csharp</repositoryKey>
      <key>ANWFT</key>
      <priority>MINOR</priority>
    </rule>
    <rule>
      <repositoryKey>SourceMeter_csharp</repositoryKey>
      <key>AOICVI</key>
      <priority>MAJOR</priority>
    </rule>
    <rule>
      <repositoryKey>SourceMeter_csharp</repositoryKey>
      <key>AOP</key>
      <priority>MINOR</priority>
    </rule>
    <rule>
      <repositoryKey>SourceMeter_csharp</repositoryKey>
      <key>ASHVSN</key>
      <priority>BLOCKER</priority>
    </rule>
    <rule>
      <repositoryKey>SourceMeter_csharp</repositoryKey>
      <key>ASLSPC</key>
      <priority>MINOR</priority>
    </rule>
    <rule>
      <repositoryKey>SourceMeter_csharp</repositoryKey>
      <key>ASMICVT</key>
      <priority>MINOR</priority>
    </rule>
    <rule>
      <repositoryKey>SourceMeter_csharp</repositoryKey>
      <key>ATSNHC</key>
      <priority>MAJOR</priority>
    </rule>
    <rule>
      <repositoryKey>SourceMeter_csharp</repositoryKey>
      <key>ATSOEABT</key>
      <priority>BLOCKER</priority>
    </rule>
    <rule>
      <repositoryKey>SourceMeter_csharp</repositoryKey>
      <key>AUA</key>
      <priority>MINOR</priority>
    </rule>
    <rule>
      <repositoryKey>SourceMeter_csharp</repositoryKey>
      <key>AUC</key>
      <priority>MINOR</priority>
    </rule>
    <rule>
      <repositoryKey>SourceMeter_csharp</repositoryKey>
      <key>AUIC</key>
      <priority>MINOR</priority>
    </rule>
    <rule>
      <repositoryKey>SourceMeter_csharp</repositoryKey>
      <key>AUPC</key>
      <priority>MINOR</priority>
    </rule>
    <rule>
      <repositoryKey>SourceMeter_csharp</repositoryKey>
      <key>AUPF</key>
      <priority>MINOR</priority>
    </rule>
    <rule>
      <repositoryKey>SourceMeter_csharp</repositoryKey>
      <key>AVEXIN</key>
      <priority>MINOR</priority>
    </rule>
    <rule>
      <repositoryKey>SourceMeter_csharp</repositoryKey>
      <key>CASVI</key>
      <priority>MAJOR</priority>
    </rule>
    <rule>
      <repositoryKey>SourceMeter_csharp</repositoryKey>
      <key>CAWUNR</key>
      <priority>MINOR</priority>
    </rule>
    <rule>
      <repositoryKey>SourceMeter_csharp</repositoryKey>
      <key>CBCMOT</key>
      <priority>CRITICAL</priority>
    </rule>
    <rule>
      <repositoryKey>SourceMeter_csharp</repositoryKey>
      <key>CEMSBO</key>
      <priority>MAJOR</priority>
    </rule>
    <rule>
      <repositoryKey>SourceMeter_csharp</repositoryKey>
      <key>CEPSBS</key>
      <priority>MAJOR</priority>
    </rule>
    <rule>
      <repositoryKey>SourceMeter_csharp</repositoryKey>
      <key>CFC</key>
      <priority>MAJOR</priority>
    </rule>
    <rule>
      <repositoryKey>SourceMeter_csharp</repositoryKey>
      <key>CGLEIA</key>
      <priority>CRITICAL</priority>
    </rule>
    <rule>
      <repositoryKey>SourceMeter_csharp</repositoryKey>
      <key>CNCCEIGH</key>
      <priority>CRITICAL</priority>
    </rule>
    <rule>
      <repositoryKey>SourceMeter_csharp</repositoryKey>
      <key>CPBTAP</key>
      <priority>CRITICAL</priority>
    </rule>
    <rule>
      <repositoryKey>SourceMeter_csharp</repositoryKey>
      <key>CPSBRO</key>
      <priority>MINOR</priority>
    </rule>
    <rule>
      <repositoryKey>SourceMeter_csharp</repositoryKey>
      <key>CRMSBM</key>
      <priority>MAJOR</priority>
    </rule>
    <rule>
      <repositoryKey>SourceMeter_csharp</repositoryKey>
      <key>CRMSNBV</key>
      <priority>MAJOR</priority>
    </rule>
    <rule>
      <repositoryKey>SourceMeter_csharp</repositoryKey>
      <key>CSBT</key>
      <priority>MINOR</priority>
    </rule>
    <rule>
      <repositoryKey>SourceMeter_csharp</repositoryKey>
      <key>CSIGI</key>
      <priority>CRITICAL</priority>
    </rule>
    <rule>
      <repositoryKey>SourceMeter_csharp</repositoryKey>
      <key>CTMNPITE</key>
      <priority>BLOCKER</priority>
    </rule>
    <rule>
      <repositoryKey>SourceMeter_csharp</repositoryKey>
      <key>CVTBTSBCV</key>
      <priority>CRITICAL</priority>
    </rule>
    <rule>
      <repositoryKey>SourceMeter_csharp</repositoryKey>
      <key>CVTSBC</key>
      <priority>CRITICAL</priority>
    </rule>
    <rule>
      <repositoryKey>SourceMeter_csharp</repositoryKey>
      <key>CWSBCC</key>
      <priority>CRITICAL</priority>
    </rule>
    <rule>
      <repositoryKey>SourceMeter_csharp</repositoryKey>
      <key>DAFAA</key>
      <priority>CRITICAL</priority>
    </rule>
    <rule>
      <repositoryKey>SourceMeter_csharp</repositoryKey>
      <key>DC</key>
      <priority>BLOCKER</priority>
    </rule>
    <rule>
      <repositoryKey>SourceMeter_csharp</repositoryKey>
      <key>DCMBD</key>
      <priority>BLOCKER</priority>
    </rule>
    <rule>
      <repositoryKey>SourceMeter_csharp</repositoryKey>
      <key>DCMHCT</key>
      <priority>BLOCKER</priority>
    </rule>
    <rule>
      <repositoryKey>SourceMeter_csharp</repositoryKey>
      <key>DEHC</key>
      <priority>CRITICAL</priority>
    </rule>
    <rule>
      <repositoryKey>SourceMeter_csharp</repositoryKey>
      <key>DFSBD</key>
      <priority>MINOR</priority>
    </rule>
    <rule>
      <repositoryKey>SourceMeter_csharp</repositoryKey>
      <key>DMBWCT</key>
      <priority>BLOCKER</priority>
    </rule>
    <rule>
      <repositoryKey>SourceMeter_csharp</repositoryKey>
      <key>DNCGET</key>
      <priority>BLOCKER</priority>
    </rule>
    <rule>
      <repositoryKey>SourceMeter_csharp</repositoryKey>
      <key>DNCOMIC</key>
      <priority>MAJOR</priority>
    </rule>
    <rule>
      <repositoryKey>SourceMeter_csharp</repositoryKey>
      <key>DNCU</key>
      <priority>MINOR</priority>
    </rule>
    <rule>
      <repositoryKey>SourceMeter_csharp</repositoryKey>
      <key>DNDIMV</key>
      <priority>CRITICAL</priority>
    </rule>
    <rule>
      <repositoryKey>SourceMeter_csharp</repositoryKey>
      <key>DNDPMIST</key>
      <priority>CRITICAL</priority>
    </rule>
    <rule>
      <repositoryKey>SourceMeter_csharp</repositoryKey>
      <key>DNDROMRT</key>
      <priority>CRITICAL</priority>
    </rule>
    <rule>
      <repositoryKey>SourceMeter_csharp</repositoryKey>
      <key>DNDSMOGT</key>
      <priority>CRITICAL</priority>
    </rule>
    <rule>
      <repositoryKey>SourceMeter_csharp</repositoryKey>
      <key>DNDVIF</key>
      <priority>CRITICAL</priority>
    </rule>
    <rule>
      <repositoryKey>SourceMeter_csharp</repositoryKey>
      <key>DNDVMIST</key>
      <priority>CRITICAL</priority>
    </rule>
    <rule>
      <repositoryKey>SourceMeter_csharp</repositoryKey>
      <key>DNEGL</key>
      <priority>CRITICAL</priority>
    </rule>
    <rule>
      <repositoryKey>SourceMeter_csharp</repositoryKey>
      <key>DNHBCM</key>
      <priority>MAJOR</priority>
    </rule>
    <rule>
      <repositoryKey>SourceMeter_csharp</repositoryKey>
      <key>DNHLSS</key>
      <priority>CRITICAL</priority>
    </rule>
    <rule>
      <repositoryKey>SourceMeter_csharp</repositoryKey>
      <key>DNIEMWLD</key>
      <priority>BLOCKER</priority>
    </rule>
    <rule>
      <repositoryKey>SourceMeter_csharp</repositoryKey>
      <key>DNIMR</key>
      <priority>MINOR</priority>
    </rule>
    <rule>
      <repositoryKey>SourceMeter_csharp</repositoryKey>
      <key>DNLOOWWI</key>
      <priority>BLOCKER</priority>
    </rule>
    <rule>
      <repositoryKey>SourceMeter_csharp</repositoryKey>
      <key>DNMEWF</key>
      <priority>CRITICAL</priority>
    </rule>
    <rule>
      <repositoryKey>SourceMeter_csharp</repositoryKey>
      <key>DNMSCWWM</key>
      <priority>MAJOR</priority>
    </rule>
    <rule>
      <repositoryKey>SourceMeter_csharp</repositoryKey>
      <key>DNNEVR</key>
      <priority>CRITICAL</priority>
    </rule>
    <rule>
      <repositoryKey>SourceMeter_csharp</repositoryKey>
      <key>DNNGTIMS</key>
      <priority>BLOCKER</priority>
    </rule>
    <rule>
      <repositoryKey>SourceMeter_csharp</repositoryKey>
      <key>DNOOEORT</key>
      <priority>MINOR</priority>
    </rule>
    <rule>
      <repositoryKey>SourceMeter_csharp</repositoryKey>
      <key>DNPEVWTN</key>
      <priority>CRITICAL</priority>
    </rule>
    <rule>
      <repositoryKey>SourceMeter_csharp</repositoryKey>
      <key>DNPTBR</key>
      <priority>MINOR</priority>
    </rule>
    <rule>
      <repositoryKey>SourceMeter_csharp</repositoryKey>
      <key>DNREIEC</key>
      <priority>CRITICAL</priority>
    </rule>
    <rule>
      <repositoryKey>SourceMeter_csharp</repositoryKey>
      <key>DNREIUL</key>
      <priority>CRITICAL</priority>
    </rule>
    <rule>
      <repositoryKey>SourceMeter_csharp</repositoryKey>
      <key>DNRRET</key>
      <priority>CRITICAL</priority>
    </rule>
    <rule>
      <repositoryKey>SourceMeter_csharp</repositoryKey>
      <key>DNSURF</key>
      <priority>CRITICAL</priority>
    </rule>
    <rule>
      <repositoryKey>SourceMeter_csharp</repositoryKey>
      <key>DNTFAT</key>
      <priority>CRITICAL</priority>
    </rule>
    <rule>
      <repositoryKey>SourceMeter_csharp</repositoryKey>
      <key>DNUADCIT</key>
      <priority>BLOCKER</priority>
    </rule>
    <rule>
      <repositoryKey>SourceMeter_csharp</repositoryKey>
      <key>DNUIPP</key>
      <priority>CRITICAL</priority>
    </rule>
    <rule>
      <repositoryKey>SourceMeter_csharp</repositoryKey>
      <key>DNUTTPPSC</key>
      <priority>CRITICAL</priority>
    </rule>
    <rule>
      <repositoryKey>SourceMeter_csharp</repositoryKey>
      <key>DPSNBU</key>
      <priority>CRITICAL</priority>
    </rule>
    <rule>
      <repositoryKey>SourceMeter_csharp</repositoryKey>
      <key>DTIN</key>
      <priority>CRITICAL</priority>
    </rule>
    <rule>
      <repositoryKey>SourceMeter_csharp</repositoryKey>
      <key>DTSDF</key>
      <priority>CRITICAL</priority>
    </rule>
    <rule>
      <repositoryKey>SourceMeter_csharp</repositoryKey>
      <key>ECARSBT</key>
      <priority>MINOR</priority>
    </rule>
    <rule>
      <repositoryKey>SourceMeter_csharp</repositoryKey>
      <key>EEVSBT</key>
      <priority>MAJOR</priority>
    </rule>
    <rule>
      <repositoryKey>SourceMeter_csharp</repositoryKey>
      <key>ESBP</key>
      <priority>MINOR</priority>
    </rule>
    <rule>
      <repositoryKey>SourceMeter_csharp</repositoryKey>
      <key>ESBST</key>
      <priority>CRITICAL</priority>
    </rule>
    <rule>
      <repositoryKey>SourceMeter_csharp</repositoryKey>
      <key>ESHZV</key>
      <priority>BLOCKER</priority>
    </rule>
    <rule>
      <repositoryKey>SourceMeter_csharp</repositoryKey>
      <key>ESNHBOAP</key>
      <priority>CRITICAL</priority>
    </rule>
    <rule>
      <repositoryKey>SourceMeter_csharp</repositoryKey>
      <key>ESSBI</key>
      <priority>MINOR</priority>
    </rule>
    <rule>
      <repositoryKey>SourceMeter_csharp</repositoryKey>
      <key>EVSMSBT</key>
      <priority>MAJOR</priority>
    </rule>
    <rule>
      <repositoryKey>SourceMeter_csharp</repositoryKey>
      <key>EVSSBT</key>
    </rule>
    <rule>
      <repositoryKey>SourceMeter_csharp</repositoryKey>
      <key>FAPSBA</key>
      <priority>MAJOR</priority>
    </rule>
    <rule>
      <repositoryKey>SourceMeter_csharp</repositoryKey>
      <key>FARBT</key>
      <priority>MAJOR</priority>
    </rule>
    <rule>
      <repositoryKey>SourceMeter_csharp</repositoryKey>
      <key>FASESBF</key>
      <priority>MINOR</priority>
    </rule>
    <rule>
      <repositoryKey>SourceMeter_csharp</repositoryKey>
      <key>FASNCFAC</key>
      <priority>BLOCKER</priority>
    </rule>
    <rule>
      <repositoryKey>SourceMeter_csharp</repositoryKey>
      <key>FESHPN</key>
      <priority>CRITICAL</priority>
    </rule>
    <rule>
      <repositoryKey>SourceMeter_csharp</repositoryKey>
      <key>FSBP</key>
      <priority>BLOCKER</priority>
    </rule>
    <rule>
      <repositoryKey>SourceMeter_csharp</repositoryKey>
      <key>FSCBCF</key>
      <priority>BLOCKER</priority>
    </rule>
    <rule>
      <repositoryKey>SourceMeter_csharp</repositoryKey>
      <key>FWCTSBC</key>
      <priority>MINOR</priority>
    </rule>
    <rule>
      <repositoryKey>SourceMeter_csharp</repositoryKey>
      <key>GMSPTP</key>
      <priority>MINOR</priority>
    </rule>
    <rule>
      <repositoryKey>SourceMeter_csharp</repositoryKey>
      <key>HCHOCSBT</key>
      <priority>MAJOR</priority>
    </rule>
    <rule>
      <repositoryKey>SourceMeter_csharp</repositoryKey>
      <key>HCRBT</key>
      <priority>MAJOR</priority>
    </rule>
    <rule>
      <repositoryKey>SourceMeter_csharp</repositoryKey>
      <key>HREHCSBT</key>
      <priority>MAJOR</priority>
    </rule>
    <rule>
      <repositoryKey>SourceMeter_csharp</repositoryKey>
      <key>IAEC</key>
      <priority>BLOCKER</priority>
    </rule>
    <rule>
      <repositoryKey>SourceMeter_csharp</repositoryKey>
      <key>IC</key>
      <priority>CRITICAL</priority>
    </rule>
    <rule>
      <repositoryKey>SourceMeter_csharp</repositoryKey>
      <key>IIHSTM</key>
      <priority>CRITICAL</priority>
    </rule>
    <rule>
      <repositoryKey>SourceMeter_csharp</repositoryKey>
      <key>IMCO</key>
      <priority>CRITICAL</priority>
    </rule>
    <rule>
      <repositoryKey>SourceMeter_csharp</repositoryKey>
      <key>IMSBCBCT</key>
      <priority>CRITICAL</priority>
    </rule>
    <rule>
      <repositoryKey>SourceMeter_csharp</repositoryKey>
      <key>IRTSFI</key>
      <priority>MAJOR</priority>
    </rule>
    <rule>
      <repositoryKey>SourceMeter_csharp</repositoryKey>
      <key>ISBCC</key>
      <priority>CRITICAL</priority>
    </rule>
    <rule>
      <repositoryKey>SourceMeter_csharp</repositoryKey>
      <key>ISBSC</key>
      <priority>MAJOR</priority>
    </rule>
    <rule>
      <repositoryKey>SourceMeter_csharp</repositoryKey>
      <key>ISC</key>
      <priority>CRITICAL</priority>
    </rule>
    <rule>
      <repositoryKey>SourceMeter_csharp</repositoryKey>
      <key>ISDBMTC</key>
      <priority>CRITICAL</priority>
    </rule>
    <rule>
      <repositoryKey>SourceMeter_csharp</repositoryKey>
      <key>ISEC</key>
      <priority>CRITICAL</priority>
    </rule>
    <rule>
      <repositoryKey>SourceMeter_csharp</repositoryKey>
      <key>ISHCP</key>
      <priority>CRITICAL</priority>
    </rule>
    <rule>
      <repositoryKey>SourceMeter_csharp</repositoryKey>
      <key>ISHCS</key>
      <priority>CRITICAL</priority>
    </rule>
    <rule>
      <repositoryKey>SourceMeter_csharp</repositoryKey>
      <key>ISMC</key>
      <priority>CRITICAL</priority>
    </rule>
    <rule>
      <repositoryKey>SourceMeter_csharp</repositoryKey>
      <key>ISNBM</key>
      <priority>MINOR</priority>
    </rule>
    <rule>
      <repositoryKey>SourceMeter_csharp</repositoryKey>
      <key>ISNCTN</key>
      <priority>CRITICAL</priority>
    </rule>
    <rule>
      <repositoryKey>SourceMeter_csharp</repositoryKey>
      <key>ISNCU</key>
      <priority>CRITICAL</priority>
    </rule>
    <rule>
      <repositoryKey>SourceMeter_csharp</repositoryKey>
      <key>ISNHIP</key>
      <priority>CRITICAL</priority>
    </rule>
    <rule>
      <repositoryKey>SourceMeter_csharp</repositoryKey>
      <key>ISNHIS</key>
      <priority>BLOCKER</priority>
    </rule>
    <rule>
      <repositoryKey>SourceMeter_csharp</repositoryKey>
      <key>ISNMK</key>
      <priority>CRITICAL</priority>
    </rule>
    <rule>
      <repositoryKey>SourceMeter_csharp</repositoryKey>
      <key>IVTSFI</key>
      <priority>BLOCKER</priority>
    </rule>
    <rule>
      <repositoryKey>SourceMeter_csharp</repositoryKey>
      <key>LAST</key>
      <priority>CRITICAL</priority>
    </rule>
    <rule>
      <repositoryKey>SourceMeter_csharp</repositoryKey>
      <key>MANSF</key>
      <priority>CRITICAL</priority>
    </rule>
    <rule>
      <repositoryKey>SourceMeter_csharp</repositoryKey>
      <key>MAWAU</key>
      <priority>CRITICAL</priority>
    </rule>
    <rule>
      <repositoryKey>SourceMeter_csharp</repositoryKey>
      <key>MAWAV</key>
      <priority>CRITICAL</priority>
    </rule>
    <rule>
      <repositoryKey>SourceMeter_csharp</repositoryKey>
      <key>MAWCC</key>
      <priority>CRITICAL</priority>
    </rule>
    <rule>
      <repositoryKey>SourceMeter_csharp</repositoryKey>
      <key>MAWCV</key>
      <priority>BLOCKER</priority>
    </rule>
    <rule>
      <repositoryKey>SourceMeter_csharp</repositoryKey>
      <key>MAWNRL</key>
      <priority>MINOR</priority>
    </rule>
    <rule>
      <repositoryKey>SourceMeter_csharp</repositoryKey>
      <key>MBAWMA</key>
      <priority>MINOR</priority>
    </rule>
    <rule>
      <repositoryKey>SourceMeter_csharp</repositoryKey>
      <key>MCSIA</key>
      <priority>CRITICAL</priority>
    </rule>
    <rule>
      <repositoryKey>SourceMeter_csharp</repositoryKey>
      <key>MEWF</key>
      <priority>MINOR</priority>
    </rule>
    <rule>
      <repositoryKey>SourceMeter_csharp</repositoryKey>
      <key>MMAS</key>
      <priority>MINOR</priority>
    </rule>
    <rule>
      <repositoryKey>SourceMeter_csharp</repositoryKey>
      <key>MMOWCT</key>
      <priority>BLOCKER</priority>
    </rule>
    <rule>
      <repositoryKey>SourceMeter_csharp</repositoryKey>
      <key>MSDBMTRT</key>
      <priority>CRITICAL</priority>
    </rule>
    <rule>
      <repositoryKey>SourceMeter_csharp</repositoryKey>
      <key>MSNECCT</key>
      <priority>CRITICAL</priority>
    </rule>
    <rule>
      <repositoryKey>SourceMeter_csharp</repositoryKey>
      <key>MSSBOT</key>
      <priority>BLOCKER</priority>
    </rule>
    <rule>
      <repositoryKey>SourceMeter_csharp</repositoryKey>
      <key>MTNMC</key>
      <priority>MAJOR</priority>
    </rule>
    <rule>
      <repositoryKey>SourceMeter_csharp</repositoryKey>
      <key>MTWS</key>
      <priority>MINOR</priority>
    </rule>
    <rule>
      <repositoryKey>SourceMeter_csharp</repositoryKey>
      <key>MVHWVAT</key>
      <priority>MAJOR</priority>
    </rule>
    <rule>
      <repositoryKey>SourceMeter_csharp</repositoryKey>
      <key>MWFEPWST</key>
      <priority>CRITICAL</priority>
    </rule>
    <rule>
      <repositoryKey>SourceMeter_csharp</repositoryKey>
      <key>NCFSNBV</key>
      <priority>MINOR</priority>
    </rule>
    <rule>
      <repositoryKey>SourceMeter_csharp</repositoryKey>
      <key>NSTU</key>
      <priority>CRITICAL</priority>
    </rule>
    <rule>
      <repositoryKey>SourceMeter_csharp</repositoryKey>
      <key>NTSNBV</key>
      <priority>CRITICAL</priority>
    </rule>
    <rule>
      <repositoryKey>SourceMeter_csharp</repositoryKey>
      <key>OEAOEOVT</key>
      <priority>MINOR</priority>
    </rule>
    <rule>
      <repositoryKey>SourceMeter_csharp</repositoryKey>
      <key>OEOOOE</key>
      <priority>CRITICAL</priority>
    </rule>
    <rule>
      <repositoryKey>SourceMeter_csharp</repositoryKey>
      <key>OFESHPN</key>
      <priority>CRITICAL</priority>
    </rule>
    <rule>
      <repositoryKey>SourceMeter_csharp</repositoryKey>
      <key>OGHCOOE</key>
      <priority>CRITICAL</priority>
    </rule>
    <rule>
      <repositoryKey>SourceMeter_csharp</repositoryKey>
      <key>OLDSBITB</key>
      <priority>BLOCKER</priority>
    </rule>
    <rule>
      <repositoryKey>SourceMeter_csharp</repositoryKey>
      <key>OMOCT</key>
      <priority>CRITICAL</priority>
    </rule>
    <rule>
      <repositoryKey>SourceMeter_csharp</repositoryKey>
      <key>OOEOOAAS</key>
      <priority>CRITICAL</priority>
    </rule>
    <rule>
      <repositoryKey>SourceMeter_csharp</repositoryKey>
      <key>OOEOOVTE</key>
      <priority>MINOR</priority>
    </rule>
    <rule>
      <repositoryKey>SourceMeter_csharp</repositoryKey>
      <key>OOHNA</key>
      <priority>CRITICAL</priority>
    </rule>
    <rule>
      <repositoryKey>SourceMeter_csharp</repositoryKey>
      <key>OSHSO</key>
      <priority>BLOCKER</priority>
    </rule>
    <rule>
      <repositoryKey>SourceMeter_csharp</repositoryKey>
      <key>OSNO</key>
      <priority>MAJOR</priority>
    </rule>
    <rule>
      <repositoryKey>SourceMeter_csharp</repositoryKey>
      <key>PDMFOF</key>
      <priority>MINOR</priority>
    </rule>
    <rule>
      <repositoryKey>SourceMeter_csharp</repositoryKey>
      <key>PDSBP</key>
      <priority>CRITICAL</priority>
    </rule>
    <rule>
      <repositoryKey>SourceMeter_csharp</repositoryKey>
      <key>PEEVMBT</key>
      <priority>MAJOR</priority>
    </rule>
    <rule>
      <repositoryKey>SourceMeter_csharp</repositoryKey>
      <key>PEPSE</key>
      <priority>MAJOR</priority>
    </rule>
    <rule>
      <repositoryKey>SourceMeter_csharp</repositoryKey>
      <key>PEVSMSBT</key>
      <priority>MAJOR</priority>
    </rule>
    <rule>
      <repositoryKey>SourceMeter_csharp</repositoryKey>
      <key>PJAOM</key>
      <priority>MINOR</priority>
    </rule>
    <rule>
      <repositoryKey>SourceMeter_csharp</repositoryKey>
      <key>PNSMBD</key>
      <priority>CRITICAL</priority>
    </rule>
    <rule>
      <repositoryKey>SourceMeter_csharp</repositoryKey>
      <key>PNSNMGM</key>
      <priority>CRITICAL</priority>
    </rule>
    <rule>
      <repositoryKey>SourceMeter_csharp</repositoryKey>
      <key>PNSNMMN</key>
      <priority>CRITICAL</priority>
    </rule>
    <rule>
      <repositoryKey>SourceMeter_csharp</repositoryKey>
      <key>POAM</key>
      <priority>CRITICAL</priority>
    </rule>
    <rule>
      <repositoryKey>SourceMeter_csharp</repositoryKey>
      <key>POSHNOBEVI</key>
      <priority>BLOCKER</priority>
    </rule>
    <rule>
      <repositoryKey>SourceMeter_csharp</repositoryKey>
      <key>PSNBSC</key>
      <priority>MINOR</priority>
    </rule>
    <rule>
      <repositoryKey>SourceMeter_csharp</repositoryKey>
      <key>PSNBV</key>
      <priority>BLOCKER</priority>
    </rule>
    <rule>
      <repositoryKey>SourceMeter_csharp</repositoryKey>
      <key>PSNBWO</key>
      <priority>CRITICAL</priority>
    </rule>
    <rule>
      <repositoryKey>SourceMeter_csharp</repositoryKey>
      <key>PSNRA</key>
      <priority>MINOR</priority>
    </rule>
    <rule>
      <repositoryKey>SourceMeter_csharp</repositoryKey>
      <key>PSUOIOS</key>
      <priority>MINOR</priority>
    </rule>
    <rule>
      <repositoryKey>SourceMeter_csharp</repositoryKey>
      <key>PVRSBE</key>
      <priority>MAJOR</priority>
    </rule>
    <rule>
      <repositoryKey>SourceMeter_csharp</repositoryKey>
      <key>PVSEMSBA</key>
      <priority>CRITICAL</priority>
    </rule>
    <rule>
      <repositoryKey>SourceMeter_csharp</repositoryKey>
      <key>RCTA</key>
      <priority>MAJOR</priority>
    </rule>
    <rule>
      <repositoryKey>SourceMeter_csharp</repositoryKey>
      <key>RDAPOU</key>
      <priority>MAJOR</priority>
    </rule>
    <rule>
      <repositoryKey>SourceMeter_csharp</repositoryKey>
      <key>RDSOVT</key>
      <priority>CRITICAL</priority>
    </rule>
    <rule>
      <repositoryKey>SourceMeter_csharp</repositoryKey>
      <key>REF</key>
      <priority>MINOR</priority>
    </rule>
    <rule>
      <repositoryKey>SourceMeter_csharp</repositoryKey>
      <key>RIS</key>
      <priority>BLOCKER</priority>
    </rule>
    <rule>
      <repositoryKey>SourceMeter_csharp</repositoryKey>
      <key>RMCPSBA</key>
      <priority>MAJOR</priority>
    </rule>
    <rule>
      <repositoryKey>SourceMeter_csharp</repositoryKey>
      <key>RMCRBT</key>
      <priority>MAJOR</priority>
    </rule>
    <rule>
      <repositoryKey>SourceMeter_csharp</repositoryKey>
      <key>RMCSESBF</key>
      <priority>MINOR</priority>
    </rule>
    <rule>
      <repositoryKey>SourceMeter_csharp</repositoryKey>
      <key>RMFN</key>
      <priority>MINOR</priority>
    </rule>
    <rule>
      <repositoryKey>SourceMeter_csharp</repositoryKey>
      <key>RRAWPA</key>
      <priority>MINOR</priority>
    </rule>
    <rule>
      <repositoryKey>SourceMeter_csharp</repositoryKey>
      <key>RSCWSBCC</key>
      <priority>CRITICAL</priority>
    </rule>
    <rule>
      <repositoryKey>SourceMeter_csharp</repositoryKey>
      <key>RSSBSC</key>
      <priority>MAJOR</priority>
    </rule>
    <rule>
      <repositoryKey>SourceMeter_csharp</repositoryKey>
      <key>RSUCSU</key>
      <priority>BLOCKER</priority>
    </rule>
    <rule>
      <repositoryKey>SourceMeter_csharp</repositoryKey>
      <key>RTPSD</key>
      <priority>CRITICAL</priority>
    </rule>
    <rule>
      <repositoryKey>SourceMeter_csharp</repositoryKey>
      <key>RUL</key>
      <priority>MINOR</priority>
    </rule>
    <rule>
      <repositoryKey>SourceMeter_csharp</repositoryKey>
      <key>RUP</key>
      <priority>MINOR</priority>
    </rule>
    <rule>
      <repositoryKey>SourceMeter_csharp</repositoryKey>
      <key>RVEH</key>
      <priority>BLOCKER</priority>
    </rule>
    <rule>
      <repositoryKey>SourceMeter_csharp</repositoryKey>
      <key>SA</key>
      <priority>BLOCKER</priority>
    </rule>
    <rule>
      <repositoryKey>SourceMeter_csharp</repositoryKey>
      <key>SCI</key>
      <priority>CRITICAL</priority>
    </rule>
    <rule>
      <repositoryKey>SourceMeter_csharp</repositoryKey>
      <key>SCSBP</key>
      <priority>CRITICAL</priority>
    </rule>
    <rule>
      <repositoryKey>SourceMeter_csharp</repositoryKey>
      <key>SESECO</key>
      <priority>BLOCKER</priority>
    </rule>
    <rule>
      <repositoryKey>SourceMeter_csharp</repositoryKey>
      <key>SHTSBS</key>
      <priority>MAJOR</priority>
    </rule>
    <rule>
      <repositoryKey>SourceMeter_csharp</repositoryKey>
      <key>SHTSNHC</key>
      <priority>CRITICAL</priority>
    </rule>
    <rule>
      <repositoryKey>SourceMeter_csharp</repositoryKey>
      <key>SLFDT</key>
      <priority>CRITICAL</priority>
    </rule>
    <rule>
      <repositoryKey>SourceMeter_csharp</repositoryKey>
      <key>SMBO</key>
      <priority>CRITICAL</priority>
    </rule>
    <rule>
      <repositoryKey>SourceMeter_csharp</repositoryKey>
      <key>SMFSA</key>
      <priority>CRITICAL</priority>
    </rule>
    <rule>
      <repositoryKey>SourceMeter_csharp</repositoryKey>
      <key>SMTSPI</key>
      <priority>CRITICAL</priority>
    </rule>
    <rule>
      <repositoryKey>SourceMeter_csharp</repositoryKey>
      <key>SP</key>
      <priority>CRITICAL</priority>
    </rule>
    <rule>
      <repositoryKey>SourceMeter_csharp</repositoryKey>
      <key>SRSLSNBPWLD</key>
      <priority>MAJOR</priority>
    </rule>
    <rule>
      <repositoryKey>SourceMeter_csharp</repositoryKey>
      <key>SSC</key>
      <priority>CRITICAL</priority>
    </rule>
    <rule>
      <repositoryKey>SourceMeter_csharp</repositoryKey>
      <key>STSNEF</key>
      <priority>BLOCKER</priority>
    </rule>
    <rule>
      <repositoryKey>SourceMeter_csharp</repositoryKey>
      <key>SUOCSUO</key>
      <priority>CRITICAL</priority>
    </rule>
    <rule>
      <repositoryKey>SourceMeter_csharp</repositoryKey>
      <key>TASNC</key>
      <priority>MINOR</priority>
    </rule>
    <rule>
      <repositoryKey>SourceMeter_csharp</repositoryKey>
      <key>TCMNUCA</key>
      <priority>CRITICAL</priority>
    </rule>
    <rule>
      <repositoryKey>SourceMeter_csharp</repositoryKey>
      <key>TFESUSL</key>
      <priority>MINOR</priority>
    </rule>
    <rule>
      <repositoryKey>SourceMeter_csharp</repositoryKey>
      <key>TFN</key>
      <priority>BLOCKER</priority>
    </rule>
    <rule>
      <repositoryKey>SourceMeter_csharp</repositoryKey>
      <key>TLDRID</key>
      <priority>BLOCKER</priority>
    </rule>
    <rule>
      <repositoryKey>SourceMeter_csharp</repositoryKey>
      <key>TMBALACABT</key>
      <priority>BLOCKER</priority>
    </rule>
    <rule>
      <repositoryKey>SourceMeter_csharp</repositoryKey>
      <key>TMMBV</key>
      <priority>CRITICAL</priority>
    </rule>
    <rule>
      <repositoryKey>SourceMeter_csharp</repositoryKey>
      <key>TMMNCNC</key>
      <priority>CRITICAL</priority>
    </rule>
    <rule>
      <repositoryKey>SourceMeter_csharp</repositoryKey>
      <key>TMMNCSUCSM</key>
      <priority>CRITICAL</priority>
    </rule>
    <rule>
      <repositoryKey>SourceMeter_csharp</repositoryKey>
      <key>TMMNHPCE</key>
      <priority>CRITICAL</priority>
    </rule>
    <rule>
      <repositoryKey>SourceMeter_csharp</repositoryKey>
      <key>TMMNRCC</key>
      <priority>BLOCKER</priority>
    </rule>
    <rule>
      <repositoryKey>SourceMeter_csharp</repositoryKey>
      <key>TMMNSLD</key>
      <priority>CRITICAL</priority>
    </rule>
    <rule>
      <repositoryKey>SourceMeter_csharp</repositoryKey>
      <key>TMMNUSA</key>
      <priority>BLOCKER</priority>
    </rule>
    <rule>
      <repositoryKey>SourceMeter_csharp</repositoryKey>
      <key>TMSNBPWLD</key>
      <priority>MINOR</priority>
    </rule>
    <rule>
      <repositoryKey>SourceMeter_csharp</repositoryKey>
      <key>TMSND</key>
      <priority>MAJOR</priority>
    </rule>
    <rule>
      <repositoryKey>SourceMeter_csharp</repositoryKey>
      <key>TMSNLAFBA</key>
      <priority>MINOR</priority>
    </rule>
    <rule>
      <repositoryKey>SourceMeter_csharp</repositoryKey>
      <key>TMSNUSUCS</key>
      <priority>MINOR</priority>
    </rule>
    <rule>
      <repositoryKey>SourceMeter_csharp</repositoryKey>
      <key>TNSNMN</key>
      <priority>CRITICAL</priority>
    </rule>
    <rule>
      <repositoryKey>SourceMeter_csharp</repositoryKey>
      <key>TSBD</key>
      <priority>MAJOR</priority>
    </rule>
    <rule>
      <repositoryKey>SourceMeter_csharp</repositoryKey>
      <key>TSNECBT</key>
      <priority>CRITICAL</priority>
    </rule>
    <rule>
      <repositoryKey>SourceMeter_csharp</repositoryKey>
      <key>TTODFSBD</key>
      <priority>BLOCKER</priority>
    </rule>
    <rule>
      <repositoryKey>SourceMeter_csharp</repositoryKey>
      <key>TTONRSBD</key>
      <priority>BLOCKER</priority>
    </rule>
    <rule>
      <repositoryKey>SourceMeter_csharp</repositoryKey>
      <key>UEWA</key>
      <priority>MINOR</priority>
    </rule>
    <rule>
      <repositoryKey>SourceMeter_csharp</repositoryKey>
      <key>UGEHI</key>
      <priority>CRITICAL</priority>
    </rule>
    <rule>
      <repositoryKey>SourceMeter_csharp</repositoryKey>
      <key>UGWA</key>
      <priority>BLOCKER</priority>
    </rule>
    <rule>
      <repositoryKey>SourceMeter_csharp</repositoryKey>
      <key>UIOSAFI</key>
      <priority>CRITICAL</priority>
    </rule>
    <rule>
      <repositoryKey>SourceMeter_csharp</repositoryKey>
      <key>ULWA</key>
      <priority>MINOR</priority>
    </rule>
    <rule>
      <repositoryKey>SourceMeter_csharp</repositoryKey>
      <key>UMEOW</key>
      <priority>CRITICAL</priority>
    </rule>
    <rule>
      <repositoryKey>SourceMeter_csharp</repositoryKey>
      <key>UOAFTF</key>
      <priority>CRITICAL</priority>
    </rule>
    <rule>
      <repositoryKey>SourceMeter_csharp</repositoryKey>
      <key>UOSC</key>
      <priority>CRITICAL</priority>
    </rule>
    <rule>
      <repositoryKey>SourceMeter_csharp</repositoryKey>
      <key>UPFVA</key>
      <priority>CRITICAL</priority>
    </rule>
    <rule>
      <repositoryKey>SourceMeter_csharp</repositoryKey>
      <key>UPSNBS</key>
      <priority>CRITICAL</priority>
    </rule>
    <rule>
      <repositoryKey>SourceMeter_csharp</repositoryKey>
      <key>UPT</key>
      <priority>CRITICAL</priority>
    </rule>
    <rule>
      <repositoryKey>SourceMeter_csharp</repositoryKey>
      <key>UPWA</key>
      <priority>MINOR</priority>
    </rule>
    <rule>
      <repositoryKey>SourceMeter_csharp</repositoryKey>
      <key>URPRSHNOBEST</key>
      <priority>CRITICAL</priority>
    </rule>
    <rule>
      <repositoryKey>SourceMeter_csharp</repositoryKey>
      <key>URVSNBS</key>
      <priority>CRITICAL</priority>
    </rule>
    <rule>
      <repositoryKey>SourceMeter_csharp</repositoryKey>
      <key>USHTENR</key>
      <priority>MAJOR</priority>
    </rule>
    <rule>
      <repositoryKey>SourceMeter_csharp</repositoryKey>
      <key>VNSNMFN</key>
      <priority>CRITICAL</priority>
    </rule>
    <rule>
      <repositoryKey>SourceMeter_csharp</repositoryKey>
      <key>VRSBE</key>
      <priority>MAJOR</priority>
    </rule>
    <rule>
      <repositoryKey>SourceMeter_csharp</repositoryKey>
      <key>VSEMSBA</key>
      <priority>MAJOR</priority>
    </rule>
    <rule>
      <repositoryKey>SourceMeter_csharp</repositoryKey>
      <key>VSUKSBS</key>
      <priority>MAJOR</priority>
    </rule>
    <rule>
      <repositoryKey>SourceMeter_csharp</repositoryKey>
      <key>VTFSBP</key>
      <priority>BLOCKER</priority>
    </rule>
    <rule>
      <repositoryKey>SourceMeter_csharp</repositoryKey>
      <key>WVFCIOT</key>
      <priority>CRITICAL</priority>
    </rule>
  </rules>
</profile>
