<?xml version="1.0" encoding="UTF-8"?>
<profile>
  <name>SourceMeter way</name>
  <language>cpp</language>
  <rules>
    <rule>
      <repositoryKey>SourceMeter_cpp</repositoryKey>
      <key>MET_AD</key>
      <priority>INFO</priority>
    </rule>
    <rule>
      <repositoryKey>SourceMeter_cpp</repositoryKey>
      <key>MET_CBO</key>
      <priority>INFO</priority>
    </rule>
    <rule>
      <repositoryKey>SourceMeter_cpp</repositoryKey>
      <key>MET_CLOC</key>
      <priority>INFO</priority>
    </rule>
    <rule>
      <repositoryKey>SourceMeter_cpp</repositoryKey>
      <key>MET_DLOC</key>
      <priority>INFO</priority>
    </rule>
    <rule>
      <repositoryKey>SourceMeter_cpp</repositoryKey>
      <key>MET_LCOM5</key>
      <priority>INFO</priority>
    </rule>
    <rule>
      <repositoryKey>SourceMeter_cpp</repositoryKey>
      <key>MET_LLOC</key>
      <priority>INFO</priority>
    </rule>
    <rule>
      <repositoryKey>SourceMeter_cpp</repositoryKey>
      <key>MET_LOC</key>
      <priority>INFO</priority>
    </rule>
    <rule>
      <repositoryKey>SourceMeter_cpp</repositoryKey>
      <key>MET_McCC</key>
      <priority>INFO</priority>
    </rule>
    <rule>
      <repositoryKey>SourceMeter_cpp</repositoryKey>
      <key>MET_NII</key>
      <priority>INFO</priority>
    </rule>
    <rule>
      <repositoryKey>SourceMeter_cpp</repositoryKey>
      <key>MET_NLA</key>
      <priority>INFO</priority>
    </rule>
    <rule>
      <repositoryKey>SourceMeter_cpp</repositoryKey>
      <key>MET_NLE</key>
      <priority>INFO</priority>
    </rule>
    <rule>
      <repositoryKey>SourceMeter_cpp</repositoryKey>
      <key>MET_NLM</key>
      <priority>INFO</priority>
    </rule>
    <rule>
      <repositoryKey>SourceMeter_cpp</repositoryKey>
      <key>MET_NLPM</key>
      <priority>INFO</priority>
    </rule>
    <rule>
      <repositoryKey>SourceMeter_cpp</repositoryKey>
      <key>MET_NOC</key>
      <priority>INFO</priority>
    </rule>
    <rule>
      <repositoryKey>SourceMeter_cpp</repositoryKey>
      <key>MET_NOI</key>
      <priority>INFO</priority>
    </rule>
    <rule>
      <repositoryKey>SourceMeter_cpp</repositoryKey>
      <key>MET_NOS</key>
      <priority>INFO</priority>
    </rule>
    <rule>
      <repositoryKey>SourceMeter_cpp</repositoryKey>
      <key>MET_NUMPAR</key>
      <priority>INFO</priority>
    </rule>
    <rule>
      <repositoryKey>SourceMeter_cpp</repositoryKey>
      <key>MET_RFC</key>
      <priority>INFO</priority>
    </rule>
    <rule>
      <repositoryKey>SourceMeter_cpp</repositoryKey>
      <key>MET_TLLOC</key>
      <priority>INFO</priority>
    </rule>
    <rule>
      <repositoryKey>SourceMeter_cpp</repositoryKey>
      <key>MET_TLOC</key>
      <priority>INFO</priority>
    </rule>
    <rule>
      <repositoryKey>SourceMeter_cpp</repositoryKey>
      <key>MET_TNOS</key>
      <priority>INFO</priority>
    </rule>
    <rule>
      <repositoryKey>SourceMeter_cpp</repositoryKey>
      <key>MET_WMC</key>
      <priority>INFO</priority>
    </rule>
    <rule>
      <repositoryKey>SourceMeter_cpp</repositoryKey>
      <key>MET_CCO</key>
      <priority>INFO</priority>
    </rule>
    <rule>
      <repositoryKey>SourceMeter_cpp</repositoryKey>
      <key>MET_CE</key>
      <priority>INFO</priority>
    </rule>
    <rule>
      <repositoryKey>SourceMeter_cpp</repositoryKey>
      <key>MET_CI</key>
      <priority>INFO</priority>
    </rule>
    <rule>
      <repositoryKey>SourceMeter_cpp</repositoryKey>
      <key>MET_CLLC</key>
      <priority>INFO</priority>
    </rule>
    <rule>
      <repositoryKey>SourceMeter_cpp</repositoryKey>
      <key>MET_CLLOC</key>
      <priority>INFO</priority>
    </rule>
    <rule>
      <repositoryKey>SourceMeter_cpp</repositoryKey>
      <key>CEBV</key>
      <priority>CRITICAL</priority>
    </rule>
    <rule>
      <repositoryKey>SourceMeter_cpp</repositoryKey>
      <key>HP</key>
      <priority>CRITICAL</priority>
    </rule>
    <rule>
      <repositoryKey>SourceMeter_cpp</repositoryKey>
      <key>IL</key>
      <priority>CRITICAL</priority>
    </rule>
    <rule>
      <repositoryKey>SourceMeter_cpp</repositoryKey>
      <key>MVDUD</key>
      <priority>CRITICAL</priority>
    </rule>
    <rule>
      <repositoryKey>SourceMeter_cpp</repositoryKey>
      <key>MVDUN</key>
      <priority>CRITICAL</priority>
    </rule>
    <rule>
      <repositoryKey>SourceMeter_cpp</repositoryKey>
      <key>NDEO</key>
      <priority>CRITICAL</priority>
    </rule>
    <rule>
      <repositoryKey>SourceMeter_cpp</repositoryKey>
      <key>NPIFCT</key>
      <priority>CRITICAL</priority>
    </rule>
    <rule>
      <repositoryKey>SourceMeter_cpp</repositoryKey>
      <key>OETS</key>
      <priority>CRITICAL</priority>
    </rule>
    <rule>
      <repositoryKey>SourceMeter_cpp</repositoryKey>
      <key>SA</key>
      <priority>CRITICAL</priority>
    </rule>
    <rule>
      <repositoryKey>SourceMeter_cpp</repositoryKey>
      <key>SDANSIH</key>
      <priority>CRITICAL</priority>
    </rule>
    <rule>
      <repositoryKey>SourceMeter_cpp</repositoryKey>
      <key>SENIP</key>
      <priority>CRITICAL</priority>
    </rule>
    <rule>
      <repositoryKey>SourceMeter_cpp</repositoryKey>
      <key>UDINIH</key>
      <priority>CRITICAL</priority>
    </rule>
    <rule>
      <repositoryKey>SourceMeter_cpp</repositoryKey>
      <key>ULTZ</key>
      <priority>CRITICAL</priority>
    </rule>
    <rule>
      <repositoryKey>SourceMeter_cpp</repositoryKey>
      <key>AATI</key>
      <priority>MINOR</priority>
    </rule>
    <rule>
      <repositoryKey>SourceMeter_cpp</repositoryKey>
      <key>ABTF</key>
      <priority>MINOR</priority>
    </rule>
    <rule>
      <repositoryKey>SourceMeter_cpp</repositoryKey>
      <key>ABTP</key>
      <priority>BLOCKER</priority>
    </rule>
    <rule>
      <repositoryKey>SourceMeter_cpp</repositoryKey>
      <key>AIA</key>
      <priority>CRITICAL</priority>
    </rule>
    <rule>
      <repositoryKey>SourceMeter_cpp</repositoryKey>
      <key>AID</key>
      <priority>BLOCKER</priority>
    </rule>
    <rule>
      <repositoryKey>SourceMeter_cpp</repositoryKey>
      <key>AIE</key>
      <priority>MINOR</priority>
    </rule>
    <rule>
      <repositoryKey>SourceMeter_cpp</repositoryKey>
      <key>AIOOBC</key>
      <priority>CRITICAL</priority>
    </rule>
    <rule>
      <repositoryKey>SourceMeter_cpp</repositoryKey>
      <key>AITA</key>
      <priority>MINOR</priority>
    </rule>
    <rule>
      <repositoryKey>SourceMeter_cpp</repositoryKey>
      <key>AITC</key>
      <priority>MINOR</priority>
    </rule>
    <rule>
      <repositoryKey>SourceMeter_cpp</repositoryKey>
      <key>AOOVP</key>
      <priority>MINOR</priority>
    </rule>
    <rule>
      <repositoryKey>SourceMeter_cpp</repositoryKey>
      <key>AS</key>
      <priority>CRITICAL</priority>
    </rule>
    <rule>
      <repositoryKey>SourceMeter_cpp</repositoryKey>
      <key>AV</key>
      <priority>BLOCKER</priority>
    </rule>
    <rule>
      <repositoryKey>SourceMeter_cpp</repositoryKey>
      <key>AWSE</key>
      <priority>CRITICAL</priority>
    </rule>
    <rule>
      <repositoryKey>SourceMeter_cpp</repositoryKey>
      <key>BAOOB</key>
      <priority>BLOCKER</priority>
    </rule>
    <rule>
      <repositoryKey>SourceMeter_cpp</repositoryKey>
      <key>BFE</key>
      <priority>BLOCKER</priority>
    </rule>
    <rule>
      <repositoryKey>SourceMeter_cpp</repositoryKey>
      <key>BNZT</key>
      <priority>CRITICAL</priority>
    </rule>
    <rule>
      <repositoryKey>SourceMeter_cpp</repositoryKey>
      <key>BOB</key>
      <priority>MINOR</priority>
    </rule>
    <rule>
      <repositoryKey>SourceMeter_cpp</repositoryKey>
      <key>CAI</key>
      <priority>CRITICAL</priority>
    </rule>
    <rule>
      <repositoryKey>SourceMeter_cpp</repositoryKey>
      <key>CATIAR</key>
      <priority>MINOR</priority>
    </rule>
    <rule>
      <repositoryKey>SourceMeter_cpp</repositoryKey>
      <key>CBEWI</key>
      <priority>CRITICAL</priority>
    </rule>
    <rule>
      <repositoryKey>SourceMeter_cpp</repositoryKey>
      <key>CBO</key>
      <priority>CRITICAL</priority>
    </rule>
    <rule>
      <repositoryKey>SourceMeter_cpp</repositoryKey>
      <key>CCALC</key>
      <priority>MINOR</priority>
    </rule>
    <rule>
      <repositoryKey>SourceMeter_cpp</repositoryKey>
      <key>CCITCAB</key>
      <priority>CRITICAL</priority>
    </rule>
    <rule>
      <repositoryKey>SourceMeter_cpp</repositoryKey>
      <key>CCM</key>
      <priority>BLOCKER</priority>
    </rule>
    <rule>
      <repositoryKey>SourceMeter_cpp</repositoryKey>
      <key>CCOND</key>
      <priority>MINOR</priority>
    </rule>
    <rule>
      <repositoryKey>SourceMeter_cpp</repositoryKey>
      <key>CCPC</key>
      <priority>MINOR</priority>
    </rule>
    <rule>
      <repositoryKey>SourceMeter_cpp</repositoryKey>
      <key>CE</key>
      <priority>MINOR</priority>
    </rule>
    <rule>
      <repositoryKey>SourceMeter_cpp</repositoryKey>
      <key>CFIATOF</key>
      <priority>CRITICAL</priority>
    </rule>
    <rule>
      <repositoryKey>SourceMeter_cpp</repositoryKey>
      <key>CITAAR</key>
      <priority>MINOR</priority>
    </rule>
    <rule>
      <repositoryKey>SourceMeter_cpp</repositoryKey>
      <key>CLWCPC</key>
      <priority>CRITICAL</priority>
    </rule>
    <rule>
      <repositoryKey>SourceMeter_cpp</repositoryKey>
      <key>COBWBE</key>
      <priority>MINOR</priority>
    </rule>
    <rule>
      <repositoryKey>SourceMeter_cpp</repositoryKey>
      <key>COBWI</key>
      <priority>CRITICAL</priority>
    </rule>
    <rule>
      <repositoryKey>SourceMeter_cpp</repositoryKey>
      <key>COBWIC</key>
      <priority>CRITICAL</priority>
    </rule>
    <rule>
      <repositoryKey>SourceMeter_cpp</repositoryKey>
      <key>COFRBE</key>
      <priority>MINOR</priority>
    </rule>
    <rule>
      <repositoryKey>SourceMeter_cpp</repositoryKey>
      <key>COTFRBE</key>
      <priority>MINOR</priority>
    </rule>
    <rule>
      <repositoryKey>SourceMeter_cpp</repositoryKey>
      <key>CS</key>
      <priority>CRITICAL</priority>
    </rule>
    <rule>
      <repositoryKey>SourceMeter_cpp</repositoryKey>
      <key>CSC</key>
      <priority>MINOR</priority>
    </rule>
    <rule>
      <repositoryKey>SourceMeter_cpp</repositoryKey>
      <key>CSR</key>
      <priority>MINOR</priority>
    </rule>
    <rule>
      <repositoryKey>SourceMeter_cpp</repositoryKey>
      <key>CSTAT</key>
      <priority>CRITICAL</priority>
    </rule>
    <rule>
      <repositoryKey>SourceMeter_cpp</repositoryKey>
      <key>DAR</key>
      <priority>BLOCKER</priority>
    </rule>
    <rule>
      <repositoryKey>SourceMeter_cpp</repositoryKey>
      <key>DBRANCH</key>
      <priority>MINOR</priority>
    </rule>
    <rule>
      <repositoryKey>SourceMeter_cpp</repositoryKey>
      <key>DBREAK</key>
      <priority>MINOR</priority>
    </rule>
    <rule>
      <repositoryKey>SourceMeter_cpp</repositoryKey>
      <key>DCD</key>
      <priority>BLOCKER</priority>
    </rule>
    <rule>
      <repositoryKey>SourceMeter_cpp</repositoryKey>
      <key>DD</key>
      <priority>BLOCKER</priority>
    </rule>
    <rule>
      <repositoryKey>SourceMeter_cpp</repositoryKey>
      <key>DEXPR</key>
      <priority>MINOR</priority>
    </rule>
    <rule>
      <repositoryKey>SourceMeter_cpp</repositoryKey>
      <key>DF</key>
      <priority>BLOCKER</priority>
    </rule>
    <rule>
      <repositoryKey>SourceMeter_cpp</repositoryKey>
      <key>DII</key>
      <priority>CRITICAL</priority>
    </rule>
    <rule>
      <repositoryKey>SourceMeter_cpp</repositoryKey>
      <key>DIM</key>
      <priority>CRITICAL</priority>
    </rule>
    <rule>
      <repositoryKey>SourceMeter_cpp</repositoryKey>
      <key>DP</key>
      <priority>BLOCKER</priority>
    </rule>
    <rule>
      <repositoryKey>SourceMeter_cpp</repositoryKey>
      <key>DSO</key>
      <priority>CRITICAL</priority>
    </rule>
    <rule>
      <repositoryKey>SourceMeter_cpp</repositoryKey>
      <key>DU</key>
      <priority>BLOCKER</priority>
    </rule>
    <rule>
      <repositoryKey>SourceMeter_cpp</repositoryKey>
      <key>ED</key>
      <priority>BLOCKER</priority>
    </rule>
    <rule>
      <repositoryKey>SourceMeter_cpp</repositoryKey>
      <key>EDT</key>
      <priority>CRITICAL</priority>
    </rule>
    <rule>
      <repositoryKey>SourceMeter_cpp</repositoryKey>
      <key>ERC</key>
      <priority>MINOR</priority>
    </rule>
    <rule>
      <repositoryKey>SourceMeter_cpp</repositoryKey>
      <key>ETIANTF</key>
      <priority>BLOCKER</priority>
    </rule>
    <rule>
      <repositoryKey>SourceMeter_cpp</repositoryKey>
      <key>ETID</key>
      <priority>CRITICAL</priority>
    </rule>
    <rule>
      <repositoryKey>SourceMeter_cpp</repositoryKey>
      <key>ETIDNTF</key>
      <priority>BLOCKER</priority>
    </rule>
    <rule>
      <repositoryKey>SourceMeter_cpp</repositoryKey>
      <key>ETINF</key>
      <priority>BLOCKER</priority>
    </rule>
    <rule>
      <repositoryKey>SourceMeter_cpp</repositoryKey>
      <key>ETINTF</key>
      <priority>BLOCKER</priority>
    </rule>
    <rule>
      <repositoryKey>SourceMeter_cpp</repositoryKey>
      <key>FC</key>
      <priority>MINOR</priority>
    </rule>
    <rule>
      <repositoryKey>SourceMeter_cpp</repositoryKey>
      <key>FOIS</key>
      <priority>MINOR</priority>
    </rule>
    <rule>
      <repositoryKey>SourceMeter_cpp</repositoryKey>
      <key>FS</key>
      <priority>MAJOR</priority>
    </rule>
    <rule>
      <repositoryKey>SourceMeter_cpp</repositoryKey>
      <key>IAF</key>
      <priority>CRITICAL</priority>
    </rule>
    <rule>
      <repositoryKey>SourceMeter_cpp</repositoryKey>
      <key>IB</key>
      <priority>MINOR</priority>
    </rule>
    <rule>
      <repositoryKey>SourceMeter_cpp</repositoryKey>
      <key>ICLA</key>
      <priority>BLOCKER</priority>
    </rule>
    <rule>
      <repositoryKey>SourceMeter_cpp</repositoryKey>
      <key>IF</key>
      <priority>BLOCKER</priority>
    </rule>
    <rule>
      <repositoryKey>SourceMeter_cpp</repositoryKey>
      <key>IFA</key>
      <priority>BLOCKER</priority>
    </rule>
    <rule>
      <repositoryKey>SourceMeter_cpp</repositoryKey>
      <key>IFAB</key>
      <priority>BLOCKER</priority>
    </rule>
    <rule>
      <repositoryKey>SourceMeter_cpp</repositoryKey>
      <key>IIT</key>
      <priority>BLOCKER</priority>
    </rule>
    <rule>
      <repositoryKey>SourceMeter_cpp</repositoryKey>
      <key>IIT2</key>
      <priority>BLOCKER</priority>
    </rule>
    <rule>
      <repositoryKey>SourceMeter_cpp</repositoryKey>
      <key>ILME</key>
      <priority>CRITICAL</priority>
    </rule>
    <rule>
      <repositoryKey>SourceMeter_cpp</repositoryKey>
      <key>ILO</key>
      <priority>CRITICAL</priority>
    </rule>
    <rule>
      <repositoryKey>SourceMeter_cpp</repositoryKey>
      <key>IO</key>
      <priority>BLOCKER</priority>
    </rule>
    <rule>
      <repositoryKey>SourceMeter_cpp</repositoryKey>
      <key>IOWP</key>
      <priority>BLOCKER</priority>
    </rule>
    <rule>
      <repositoryKey>SourceMeter_cpp</repositoryKey>
      <key>IP</key>
      <priority>BLOCKER</priority>
    </rule>
    <rule>
      <repositoryKey>SourceMeter_cpp</repositoryKey>
      <key>IPATF</key>
      <priority>CRITICAL</priority>
    </rule>
    <rule>
      <repositoryKey>SourceMeter_cpp</repositoryKey>
      <key>IPATI</key>
      <priority>CRITICAL</priority>
    </rule>
    <rule>
      <repositoryKey>SourceMeter_cpp</repositoryKey>
      <key>IPATN</key>
      <priority>CRITICAL</priority>
    </rule>
    <rule>
      <repositoryKey>SourceMeter_cpp</repositoryKey>
      <key>IPATP</key>
      <priority>CRITICAL</priority>
    </rule>
    <rule>
      <repositoryKey>SourceMeter_cpp</repositoryKey>
      <key>IPATS</key>
      <priority>CRITICAL</priority>
    </rule>
    <rule>
      <repositoryKey>SourceMeter_cpp</repositoryKey>
      <key>IPATSI</key>
      <priority>CRITICAL</priority>
    </rule>
    <rule>
      <repositoryKey>SourceMeter_cpp</repositoryKey>
      <key>IPATUI</key>
      <priority>CRITICAL</priority>
    </rule>
    <rule>
      <repositoryKey>SourceMeter_cpp</repositoryKey>
      <key>IPC</key>
      <priority>MINOR</priority>
    </rule>
    <rule>
      <repositoryKey>SourceMeter_cpp</repositoryKey>
      <key>IRV</key>
      <priority>CRITICAL</priority>
    </rule>
    <rule>
      <repositoryKey>SourceMeter_cpp</repositoryKey>
      <key>IS</key>
      <priority>CRITICAL</priority>
    </rule>
    <rule>
      <repositoryKey>SourceMeter_cpp</repositoryKey>
      <key>ISATF</key>
      <priority>CRITICAL</priority>
    </rule>
    <rule>
      <repositoryKey>SourceMeter_cpp</repositoryKey>
      <key>ISATI</key>
      <priority>CRITICAL</priority>
    </rule>
    <rule>
      <repositoryKey>SourceMeter_cpp</repositoryKey>
      <key>ISATS</key>
      <priority>CRITICAL</priority>
    </rule>
    <rule>
      <repositoryKey>SourceMeter_cpp</repositoryKey>
      <key>ISBE</key>
      <priority>CRITICAL</priority>
    </rule>
    <rule>
      <repositoryKey>SourceMeter_cpp</repositoryKey>
      <key>ISC</key>
      <priority>CRITICAL</priority>
    </rule>
    <rule>
      <repositoryKey>SourceMeter_cpp</repositoryKey>
      <key>ISFW</key>
      <priority>BLOCKER</priority>
    </rule>
    <rule>
      <repositoryKey>SourceMeter_cpp</repositoryKey>
      <key>ISFWS</key>
      <priority>CRITICAL</priority>
    </rule>
    <rule>
      <repositoryKey>SourceMeter_cpp</repositoryKey>
      <key>ISL</key>
      <priority>MINOR</priority>
    </rule>
    <rule>
      <repositoryKey>SourceMeter_cpp</repositoryKey>
      <key>IT</key>
      <priority>BLOCKER</priority>
    </rule>
    <rule>
      <repositoryKey>SourceMeter_cpp</repositoryKey>
      <key>LNVFC</key>
      <priority>BLOCKER</priority>
    </rule>
    <rule>
      <repositoryKey>SourceMeter_cpp</repositoryKey>
      <key>LWCPC</key>
      <priority>CRITICAL</priority>
    </rule>
    <rule>
      <repositoryKey>SourceMeter_cpp</repositoryKey>
      <key>MAD</key>
      <priority>BLOCKER</priority>
    </rule>
    <rule>
      <repositoryKey>SourceMeter_cpp</repositoryKey>
      <key>MATF</key>
      <priority>CRITICAL</priority>
    </rule>
    <rule>
      <repositoryKey>SourceMeter_cpp</repositoryKey>
      <key>MBA</key>
      <priority>MINOR</priority>
    </rule>
    <rule>
      <repositoryKey>SourceMeter_cpp</repositoryKey>
      <key>MC</key>
      <priority>BLOCKER</priority>
    </rule>
    <rule>
      <repositoryKey>SourceMeter_cpp</repositoryKey>
      <key>MCF</key>
      <priority>MINOR</priority>
    </rule>
    <rule>
      <repositoryKey>SourceMeter_cpp</repositoryKey>
      <key>MCOND</key>
      <priority>MINOR</priority>
    </rule>
    <rule>
      <repositoryKey>SourceMeter_cpp</repositoryKey>
      <key>MCR</key>
      <priority>BLOCKER</priority>
    </rule>
    <rule>
      <repositoryKey>SourceMeter_cpp</repositoryKey>
      <key>MF</key>
      <priority>MINOR</priority>
    </rule>
    <rule>
      <repositoryKey>SourceMeter_cpp</repositoryKey>
      <key>ML</key>
      <priority>BLOCKER</priority>
    </rule>
    <rule>
      <repositoryKey>SourceMeter_cpp</repositoryKey>
      <key>MMC</key>
      <priority>BLOCKER</priority>
    </rule>
    <rule>
      <repositoryKey>SourceMeter_cpp</repositoryKey>
      <key>MOCE</key>
      <priority>BLOCKER</priority>
    </rule>
    <rule>
      <repositoryKey>SourceMeter_cpp</repositoryKey>
      <key>MOCW</key>
      <priority>CRITICAL</priority>
    </rule>
    <rule>
      <repositoryKey>SourceMeter_cpp</repositoryKey>
      <key>MOR</key>
      <priority>BLOCKER</priority>
    </rule>
    <rule>
      <repositoryKey>SourceMeter_cpp</repositoryKey>
      <key>MS</key>
      <priority>BLOCKER</priority>
    </rule>
    <rule>
      <repositoryKey>SourceMeter_cpp</repositoryKey>
      <key>MSO</key>
      <priority>CRITICAL</priority>
    </rule>
    <rule>
      <repositoryKey>SourceMeter_cpp</repositoryKey>
      <key>MVOOR</key>
      <priority>CRITICAL</priority>
    </rule>
    <rule>
      <repositoryKey>SourceMeter_cpp</repositoryKey>
      <key>MZB</key>
      <priority>CRITICAL</priority>
    </rule>
    <rule>
      <repositoryKey>SourceMeter_cpp</repositoryKey>
      <key>NC</key>
      <priority>MINOR</priority>
    </rule>
    <rule>
      <repositoryKey>SourceMeter_cpp</repositoryKey>
      <key>NCC</key>
      <priority>MINOR</priority>
    </rule>
    <rule>
      <repositoryKey>SourceMeter_cpp</repositoryKey>
      <key>NI</key>
      <priority>BLOCKER</priority>
    </rule>
    <rule>
      <repositoryKey>SourceMeter_cpp</repositoryKey>
      <key>NIAE</key>
      <priority>MINOR</priority>
    </rule>
    <rule>
      <repositoryKey>SourceMeter_cpp</repositoryKey>
      <key>NMAS</key>
      <priority>BLOCKER</priority>
    </rule>
    <rule>
      <repositoryKey>SourceMeter_cpp</repositoryKey>
      <key>NP</key>
      <priority>BLOCKER</priority>
    </rule>
    <rule>
      <repositoryKey>SourceMeter_cpp</repositoryKey>
      <key>NRFCR</key>
      <priority>MINOR</priority>
    </rule>
    <rule>
      <repositoryKey>SourceMeter_cpp</repositoryKey>
      <key>NRFCT</key>
      <priority>MINOR</priority>
    </rule>
    <rule>
      <repositoryKey>SourceMeter_cpp</repositoryKey>
      <key>NRFEC</key>
      <priority>MINOR</priority>
    </rule>
    <rule>
      <repositoryKey>SourceMeter_cpp</repositoryKey>
      <key>NRFFC</key>
      <priority>MINOR</priority>
    </rule>
    <rule>
      <repositoryKey>SourceMeter_cpp</repositoryKey>
      <key>NRFFGG</key>
      <priority>MINOR</priority>
    </rule>
    <rule>
      <repositoryKey>SourceMeter_cpp</repositoryKey>
      <key>NRFFGP</key>
      <priority>MINOR</priority>
    </rule>
    <rule>
      <repositoryKey>SourceMeter_cpp</repositoryKey>
      <key>NRFFGS</key>
      <priority>MINOR</priority>
    </rule>
    <rule>
      <repositoryKey>SourceMeter_cpp</repositoryKey>
      <key>NRFGC</key>
      <priority>MINOR</priority>
    </rule>
    <rule>
      <repositoryKey>SourceMeter_cpp</repositoryKey>
      <key>NRFGG</key>
      <priority>MINOR</priority>
    </rule>
    <rule>
      <repositoryKey>SourceMeter_cpp</repositoryKey>
      <key>NRFGGG</key>
      <priority>MINOR</priority>
    </rule>
    <rule>
      <repositoryKey>SourceMeter_cpp</repositoryKey>
      <key>NRFGGN</key>
      <priority>MINOR</priority>
    </rule>
    <rule>
      <repositoryKey>SourceMeter_cpp</repositoryKey>
      <key>NRFGH</key>
      <priority>MINOR</priority>
    </rule>
    <rule>
      <repositoryKey>SourceMeter_cpp</repositoryKey>
      <key>NRFGHBA</key>
      <priority>MINOR</priority>
    </rule>
    <rule>
      <repositoryKey>SourceMeter_cpp</repositoryKey>
      <key>NRFGHBN</key>
      <priority>MINOR</priority>
    </rule>
    <rule>
      <repositoryKey>SourceMeter_cpp</repositoryKey>
      <key>NRFGHBN2</key>
      <priority>MINOR</priority>
    </rule>
    <rule>
      <repositoryKey>SourceMeter_cpp</repositoryKey>
      <key>NRFGL</key>
      <priority>MINOR</priority>
    </rule>
    <rule>
      <repositoryKey>SourceMeter_cpp</repositoryKey>
      <key>NRFGMT</key>
      <priority>MINOR</priority>
    </rule>
    <rule>
      <repositoryKey>SourceMeter_cpp</repositoryKey>
      <key>NRFGNBA</key>
      <priority>MINOR</priority>
    </rule>
    <rule>
      <repositoryKey>SourceMeter_cpp</repositoryKey>
      <key>NRFGNBN</key>
      <priority>MINOR</priority>
    </rule>
    <rule>
      <repositoryKey>SourceMeter_cpp</repositoryKey>
      <key>NRFGNG</key>
      <priority>MINOR</priority>
    </rule>
    <rule>
      <repositoryKey>SourceMeter_cpp</repositoryKey>
      <key>NRFGPBN</key>
      <priority>MINOR</priority>
    </rule>
    <rule>
      <repositoryKey>SourceMeter_cpp</repositoryKey>
      <key>NRFGPE</key>
      <priority>MINOR</priority>
    </rule>
    <rule>
      <repositoryKey>SourceMeter_cpp</repositoryKey>
      <key>NRFGPN</key>
      <priority>MINOR</priority>
    </rule>
    <rule>
      <repositoryKey>SourceMeter_cpp</repositoryKey>
      <key>NRFGPU</key>
      <priority>MINOR</priority>
    </rule>
    <rule>
      <repositoryKey>SourceMeter_cpp</repositoryKey>
      <key>NRFGRBNA</key>
      <priority>MINOR</priority>
    </rule>
    <rule>
      <repositoryKey>SourceMeter_cpp</repositoryKey>
      <key>NRFGRBNU</key>
      <priority>MINOR</priority>
    </rule>
    <rule>
      <repositoryKey>SourceMeter_cpp</repositoryKey>
      <key>NRFGRP</key>
      <priority>MINOR</priority>
    </rule>
    <rule>
      <repositoryKey>SourceMeter_cpp</repositoryKey>
      <key>NRFGS</key>
      <priority>MINOR</priority>
    </rule>
    <rule>
      <repositoryKey>SourceMeter_cpp</repositoryKey>
      <key>NRFGSBN</key>
      <priority>MINOR</priority>
    </rule>
    <rule>
      <repositoryKey>SourceMeter_cpp</repositoryKey>
      <key>NRFGSBP</key>
      <priority>MINOR</priority>
    </rule>
    <rule>
      <repositoryKey>SourceMeter_cpp</repositoryKey>
      <key>NRFGSE</key>
      <priority>MINOR</priority>
    </rule>
    <rule>
      <repositoryKey>SourceMeter_cpp</repositoryKey>
      <key>NRFGSN</key>
      <priority>MINOR</priority>
    </rule>
    <rule>
      <repositoryKey>SourceMeter_cpp</repositoryKey>
      <key>NRFLT</key>
      <priority>MINOR</priority>
    </rule>
    <rule>
      <repositoryKey>SourceMeter_cpp</repositoryKey>
      <key>NRFRD</key>
      <priority>MINOR</priority>
    </rule>
    <rule>
      <repositoryKey>SourceMeter_cpp</repositoryKey>
      <key>NRFST</key>
      <priority>MINOR</priority>
    </rule>
    <rule>
      <repositoryKey>SourceMeter_cpp</repositoryKey>
      <key>NRFTN</key>
      <priority>MINOR</priority>
    </rule>
    <rule>
      <repositoryKey>SourceMeter_cpp</repositoryKey>
      <key>NRFTTYN</key>
      <priority>MINOR</priority>
    </rule>
    <rule>
      <repositoryKey>SourceMeter_cpp</repositoryKey>
      <key>OE</key>
      <priority>MINOR</priority>
    </rule>
    <rule>
      <repositoryKey>SourceMeter_cpp</repositoryKey>
      <key>OERRT</key>
      <priority>MINOR</priority>
    </rule>
    <rule>
      <repositoryKey>SourceMeter_cpp</repositoryKey>
      <key>OEVE</key>
      <priority>CRITICAL</priority>
    </rule>
    <rule>
      <repositoryKey>SourceMeter_cpp</repositoryKey>
      <key>OFA</key>
      <priority>MINOR</priority>
    </rule>
    <rule>
      <repositoryKey>SourceMeter_cpp</repositoryKey>
      <key>OFAA</key>
      <priority>MINOR</priority>
    </rule>
    <rule>
      <repositoryKey>SourceMeter_cpp</repositoryKey>
      <key>OFAT</key>
      <priority>MINOR</priority>
    </rule>
    <rule>
      <repositoryKey>SourceMeter_cpp</repositoryKey>
      <key>OFBCMP</key>
      <priority>MINOR</priority>
    </rule>
    <rule>
      <repositoryKey>SourceMeter_cpp</repositoryKey>
      <key>OFBCPY</key>
      <priority>MINOR</priority>
    </rule>
    <rule>
      <repositoryKey>SourceMeter_cpp</repositoryKey>
      <key>OFBSS</key>
      <priority>MINOR</priority>
    </rule>
    <rule>
      <repositoryKey>SourceMeter_cpp</repositoryKey>
      <key>OFBZ</key>
      <priority>MINOR</priority>
    </rule>
    <rule>
      <repositoryKey>SourceMeter_cpp</repositoryKey>
      <key>OFCT</key>
      <priority>MINOR</priority>
    </rule>
    <rule>
      <repositoryKey>SourceMeter_cpp</repositoryKey>
      <key>OFECVT</key>
      <priority>MINOR</priority>
    </rule>
    <rule>
      <repositoryKey>SourceMeter_cpp</repositoryKey>
      <key>OFFCVT</key>
      <priority>MINOR</priority>
    </rule>
    <rule>
      <repositoryKey>SourceMeter_cpp</repositoryKey>
      <key>OFFT</key>
      <priority>MINOR</priority>
    </rule>
    <rule>
      <repositoryKey>SourceMeter_cpp</repositoryKey>
      <key>OFGC</key>
      <priority>MINOR</priority>
    </rule>
    <rule>
      <repositoryKey>SourceMeter_cpp</repositoryKey>
      <key>OFGCVT</key>
      <priority>MINOR</priority>
    </rule>
    <rule>
      <repositoryKey>SourceMeter_cpp</repositoryKey>
      <key>OFGHBA</key>
      <priority>MINOR</priority>
    </rule>
    <rule>
      <repositoryKey>SourceMeter_cpp</repositoryKey>
      <key>OFGHBN</key>
      <priority>MINOR</priority>
    </rule>
    <rule>
      <repositoryKey>SourceMeter_cpp</repositoryKey>
      <key>OFGS</key>
      <priority>MINOR</priority>
    </rule>
    <rule>
      <repositoryKey>SourceMeter_cpp</repositoryKey>
      <key>OFGWD</key>
      <priority>MINOR</priority>
    </rule>
    <rule>
      <repositoryKey>SourceMeter_cpp</repositoryKey>
      <key>OFI</key>
      <priority>MINOR</priority>
    </rule>
    <rule>
      <repositoryKey>SourceMeter_cpp</repositoryKey>
      <key>OFMC</key>
      <priority>MINOR</priority>
    </rule>
    <rule>
      <repositoryKey>SourceMeter_cpp</repositoryKey>
      <key>OFPAGSA</key>
      <priority>MINOR</priority>
    </rule>
    <rule>
      <repositoryKey>SourceMeter_cpp</repositoryKey>
      <key>OFPASSA</key>
      <priority>MINOR</priority>
    </rule>
    <rule>
      <repositoryKey>SourceMeter_cpp</repositoryKey>
      <key>OFR</key>
      <priority>MINOR</priority>
    </rule>
    <rule>
      <repositoryKey>SourceMeter_cpp</repositoryKey>
      <key>OFRI</key>
      <priority>MINOR</priority>
    </rule>
    <rule>
      <repositoryKey>SourceMeter_cpp</repositoryKey>
      <key>OFSB</key>
      <priority>MINOR</priority>
    </rule>
    <rule>
      <repositoryKey>SourceMeter_cpp</repositoryKey>
      <key>OFSC</key>
      <priority>MINOR</priority>
    </rule>
    <rule>
      <repositoryKey>SourceMeter_cpp</repositoryKey>
      <key>OFTN</key>
      <priority>MINOR</priority>
    </rule>
    <rule>
      <repositoryKey>SourceMeter_cpp</repositoryKey>
      <key>OFTNR</key>
      <priority>MINOR</priority>
    </rule>
    <rule>
      <repositoryKey>SourceMeter_cpp</repositoryKey>
      <key>OFUA</key>
      <priority>MINOR</priority>
    </rule>
    <rule>
      <repositoryKey>SourceMeter_cpp</repositoryKey>
      <key>OFUS</key>
      <priority>MINOR</priority>
    </rule>
    <rule>
      <repositoryKey>SourceMeter_cpp</repositoryKey>
      <key>OFUT</key>
      <priority>MINOR</priority>
    </rule>
    <rule>
      <repositoryKey>SourceMeter_cpp</repositoryKey>
      <key>OFVF</key>
      <priority>MINOR</priority>
    </rule>
    <rule>
      <repositoryKey>SourceMeter_cpp</repositoryKey>
      <key>OFWCS</key>
      <priority>MINOR</priority>
    </rule>
    <rule>
      <repositoryKey>SourceMeter_cpp</repositoryKey>
      <key>OIC</key>
      <priority>CRITICAL</priority>
    </rule>
    <rule>
      <repositoryKey>SourceMeter_cpp</repositoryKey>
      <key>OOB</key>
      <priority>BLOCKER</priority>
    </rule>
    <rule>
      <repositoryKey>SourceMeter_cpp</repositoryKey>
      <key>PAB</key>
      <priority>BLOCKER</priority>
    </rule>
    <rule>
      <repositoryKey>SourceMeter_cpp</repositoryKey>
      <key>PAE</key>
      <priority>CRITICAL</priority>
    </rule>
    <rule>
      <repositoryKey>SourceMeter_cpp</repositoryKey>
      <key>PBAOOB</key>
      <priority>CRITICAL</priority>
    </rule>
    <rule>
      <repositoryKey>SourceMeter_cpp</repositoryKey>
      <key>PBV</key>
      <priority>MAJOR</priority>
    </rule>
    <rule>
      <repositoryKey>SourceMeter_cpp</repositoryKey>
      <key>PLTZ</key>
      <priority>MINOR</priority>
    </rule>
    <rule>
      <repositoryKey>SourceMeter_cpp</repositoryKey>
      <key>PO</key>
      <priority>MAJOR</priority>
    </rule>
    <rule>
      <repositoryKey>SourceMeter_cpp</repositoryKey>
      <key>POOB</key>
      <priority>MINOR</priority>
    </rule>
    <rule>
      <repositoryKey>SourceMeter_cpp</repositoryKey>
      <key>PP</key>
      <priority>MINOR</priority>
    </rule>
    <rule>
      <repositoryKey>SourceMeter_cpp</repositoryKey>
      <key>PRBO</key>
      <priority>CRITICAL</priority>
    </rule>
    <rule>
      <repositoryKey>SourceMeter_cpp</repositoryKey>
      <key>PS</key>
      <priority>CRITICAL</priority>
    </rule>
    <rule>
      <repositoryKey>SourceMeter_cpp</repositoryKey>
      <key>PVC</key>
      <priority>CRITICAL</priority>
    </rule>
    <rule>
      <repositoryKey>SourceMeter_cpp</repositoryKey>
      <key>RA</key>
      <priority>MAJOR</priority>
    </rule>
    <rule>
      <repositoryKey>SourceMeter_cpp</repositoryKey>
      <key>RAIS</key>
      <priority>CRITICAL</priority>
    </rule>
    <rule>
      <repositoryKey>SourceMeter_cpp</repositoryKey>
      <key>RAOAV</key>
      <priority>BLOCKER</priority>
    </rule>
    <rule>
      <repositoryKey>SourceMeter_cpp</repositoryKey>
      <key>RAOFP</key>
      <priority>BLOCKER</priority>
    </rule>
    <rule>
      <repositoryKey>SourceMeter_cpp</repositoryKey>
      <key>RBOIS</key>
      <priority>CRITICAL</priority>
    </rule>
    <rule>
      <repositoryKey>SourceMeter_cpp</repositoryKey>
      <key>RCIS</key>
      <priority>CRITICAL</priority>
    </rule>
    <rule>
      <repositoryKey>SourceMeter_cpp</repositoryKey>
      <key>RCLC</key>
      <priority>MAJOR</priority>
    </rule>
    <rule>
      <repositoryKey>SourceMeter_cpp</repositoryKey>
      <key>RCOND</key>
      <priority>MINOR</priority>
    </rule>
    <rule>
      <repositoryKey>SourceMeter_cpp</repositoryKey>
      <key>RCPY</key>
      <priority>MAJOR</priority>
    </rule>
    <rule>
      <repositoryKey>SourceMeter_cpp</repositoryKey>
      <key>REC</key>
      <priority>MINOR</priority>
    </rule>
    <rule>
      <repositoryKey>SourceMeter_cpp</repositoryKey>
      <key>RF</key>
      <priority>BLOCKER</priority>
    </rule>
    <rule>
      <repositoryKey>SourceMeter_cpp</repositoryKey>
      <key>RGASUI</key>
      <priority>CRITICAL</priority>
    </rule>
    <rule>
      <repositoryKey>SourceMeter_cpp</repositoryKey>
      <key>RIR</key>
      <priority>MINOR</priority>
    </rule>
    <rule>
      <repositoryKey>SourceMeter_cpp</repositoryKey>
      <key>RL</key>
      <priority>BLOCKER</priority>
    </rule>
    <rule>
      <repositoryKey>SourceMeter_cpp</repositoryKey>
      <key>RLV</key>
      <priority>BLOCKER</priority>
    </rule>
    <rule>
      <repositoryKey>SourceMeter_cpp</repositoryKey>
      <key>RTF</key>
      <priority>BLOCKER</priority>
    </rule>
    <rule>
      <repositoryKey>SourceMeter_cpp</repositoryKey>
      <key>RWOF</key>
      <priority>BLOCKER</priority>
    </rule>
    <rule>
      <repositoryKey>SourceMeter_cpp</repositoryKey>
      <key>SAAC</key>
      <priority>CRITICAL</priority>
    </rule>
    <rule>
      <repositoryKey>SourceMeter_cpp</repositoryKey>
      <key>SC</key>
      <priority>CRITICAL</priority>
    </rule>
    <rule>
      <repositoryKey>SourceMeter_cpp</repositoryKey>
      <key>SCFT</key>
      <priority>MINOR</priority>
    </rule>
    <rule>
      <repositoryKey>SourceMeter_cpp</repositoryKey>
      <key>SCP</key>
      <priority>MAJOR</priority>
    </rule>
    <rule>
      <repositoryKey>SourceMeter_cpp</repositoryKey>
      <key>SCR</key>
      <priority>MAJOR</priority>
    </rule>
    <rule>
      <repositoryKey>SourceMeter_cpp</repositoryKey>
      <key>SCT</key>
      <priority>BLOCKER</priority>
    </rule>
    <rule>
      <repositoryKey>SourceMeter_cpp</repositoryKey>
      <key>SEC</key>
      <priority>CRITICAL</priority>
    </rule>
    <rule>
      <repositoryKey>SourceMeter_cpp</repositoryKey>
      <key>SI</key>
      <priority>BLOCKER</priority>
    </rule>
    <rule>
      <repositoryKey>SourceMeter_cpp</repositoryKey>
      <key>SN</key>
      <priority>BLOCKER</priority>
    </rule>
    <rule>
      <repositoryKey>SourceMeter_cpp</repositoryKey>
      <key>SOAF</key>
      <priority>CRITICAL</priority>
    </rule>
    <rule>
      <repositoryKey>SourceMeter_cpp</repositoryKey>
      <key>SOC</key>
      <priority>CRITICAL</priority>
    </rule>
    <rule>
      <repositoryKey>SourceMeter_cpp</repositoryKey>
      <key>SOD</key>
      <priority>BLOCKER</priority>
    </rule>
    <rule>
      <repositoryKey>SourceMeter_cpp</repositoryKey>
      <key>SODMF</key>
      <priority>CRITICAL</priority>
    </rule>
    <rule>
      <repositoryKey>SourceMeter_cpp</repositoryKey>
      <key>SODVP</key>
      <priority>MINOR</priority>
    </rule>
    <rule>
      <repositoryKey>SourceMeter_cpp</repositoryKey>
      <key>SOSO</key>
      <priority>CRITICAL</priority>
    </rule>
    <rule>
      <repositoryKey>SourceMeter_cpp</repositoryKey>
      <key>SOV</key>
      <priority>MINOR</priority>
    </rule>
    <rule>
      <repositoryKey>SourceMeter_cpp</repositoryKey>
      <key>SOWNP</key>
      <priority>CRITICAL</priority>
    </rule>
    <rule>
      <repositoryKey>SourceMeter_cpp</repositoryKey>
      <key>SOWSAP</key>
      <priority>CRITICAL</priority>
    </rule>
    <rule>
      <repositoryKey>SourceMeter_cpp</repositoryKey>
      <key>SPC</key>
      <priority>BLOCKER</priority>
    </rule>
    <rule>
      <repositoryKey>SourceMeter_cpp</repositoryKey>
      <key>SS</key>
      <priority>CRITICAL</priority>
    </rule>
    <rule>
      <repositoryKey>SourceMeter_cpp</repositoryKey>
      <key>SSC</key>
      <priority>CRITICAL</priority>
    </rule>
    <rule>
      <repositoryKey>SourceMeter_cpp</repositoryKey>
      <key>STLB</key>
      <priority>BLOCKER</priority>
    </rule>
    <rule>
      <repositoryKey>SourceMeter_cpp</repositoryKey>
      <key>STLC</key>
      <priority>BLOCKER</priority>
    </rule>
    <rule>
      <repositoryKey>SourceMeter_cpp</repositoryKey>
      <key>STLIF</key>
      <priority>CRITICAL</priority>
    </rule>
    <rule>
      <repositoryKey>SourceMeter_cpp</repositoryKey>
      <key>STLISF</key>
      <priority>MAJOR</priority>
    </rule>
    <rule>
      <repositoryKey>SourceMeter_cpp</repositoryKey>
      <key>STLMC</key>
      <priority>CRITICAL</priority>
    </rule>
    <rule>
      <repositoryKey>SourceMeter_cpp</repositoryKey>
      <key>STLOOB</key>
      <priority>BLOCKER</priority>
    </rule>
    <rule>
      <repositoryKey>SourceMeter_cpp</repositoryKey>
      <key>STLS</key>
      <priority>MAJOR</priority>
    </rule>
    <rule>
      <repositoryKey>SourceMeter_cpp</repositoryKey>
      <key>STMB</key>
      <priority>BLOCKER</priority>
    </rule>
    <rule>
      <repositoryKey>SourceMeter_cpp</repositoryKey>
      <key>STRCMP</key>
      <priority>CRITICAL</priority>
    </rule>
    <rule>
      <repositoryKey>SourceMeter_cpp</repositoryKey>
      <key>STRCU</key>
      <priority>CRITICAL</priority>
    </rule>
    <rule>
      <repositoryKey>SourceMeter_cpp</repositoryKey>
      <key>SUSPC</key>
      <priority>CRITICAL</priority>
    </rule>
    <rule>
      <repositoryKey>SourceMeter_cpp</repositoryKey>
      <key>TS</key>
      <priority>CRITICAL</priority>
    </rule>
    <rule>
      <repositoryKey>SourceMeter_cpp</repositoryKey>
      <key>TSTRC</key>
      <priority>CRITICAL</priority>
    </rule>
    <rule>
      <repositoryKey>SourceMeter_cpp</repositoryKey>
      <key>UAA</key>
      <priority>MINOR</priority>
    </rule>
    <rule>
      <repositoryKey>SourceMeter_cpp</repositoryKey>
      <key>UAPA</key>
      <priority>BLOCKER</priority>
    </rule>
    <rule>
      <repositoryKey>SourceMeter_cpp</repositoryKey>
      <key>UAPARG</key>
      <priority>CRITICAL</priority>
    </rule>
    <rule>
      <repositoryKey>SourceMeter_cpp</repositoryKey>
      <key>UAPC</key>
      <priority>BLOCKER</priority>
    </rule>
    <rule>
      <repositoryKey>SourceMeter_cpp</repositoryKey>
      <key>UAPCPY</key>
      <priority>MINOR</priority>
    </rule>
    <rule>
      <repositoryKey>SourceMeter_cpp</repositoryKey>
      <key>UAV</key>
      <priority>MINOR</priority>
    </rule>
    <rule>
      <repositoryKey>SourceMeter_cpp</repositoryKey>
      <key>UCC</key>
      <priority>CRITICAL</priority>
    </rule>
    <rule>
      <repositoryKey>SourceMeter_cpp</repositoryKey>
      <key>UCCL</key>
      <priority>MINOR</priority>
    </rule>
    <rule>
      <repositoryKey>SourceMeter_cpp</repositoryKey>
      <key>UCE</key>
      <priority>CRITICAL</priority>
    </rule>
    <rule>
      <repositoryKey>SourceMeter_cpp</repositoryKey>
      <key>UCF</key>
      <priority>BLOCKER</priority>
    </rule>
    <rule>
      <repositoryKey>SourceMeter_cpp</repositoryKey>
      <key>UCR</key>
      <priority>CRITICAL</priority>
    </rule>
    <rule>
      <repositoryKey>SourceMeter_cpp</repositoryKey>
      <key>UCS</key>
      <priority>MAJOR</priority>
    </rule>
    <rule>
      <repositoryKey>SourceMeter_cpp</repositoryKey>
      <key>UCSS</key>
      <priority>MAJOR</priority>
    </rule>
    <rule>
      <repositoryKey>SourceMeter_cpp</repositoryKey>
      <key>UES</key>
      <priority>MINOR</priority>
    </rule>
    <rule>
      <repositoryKey>SourceMeter_cpp</repositoryKey>
      <key>UIL</key>
      <priority>MAJOR</priority>
    </rule>
    <rule>
      <repositoryKey>SourceMeter_cpp</repositoryKey>
      <key>UISM</key>
      <priority>BLOCKER</priority>
    </rule>
    <rule>
      <repositoryKey>SourceMeter_cpp</repositoryKey>
      <key>UIV</key>
      <priority>BLOCKER</priority>
    </rule>
    <rule>
      <repositoryKey>SourceMeter_cpp</repositoryKey>
      <key>UMV</key>
      <priority>CRITICAL</priority>
    </rule>
    <rule>
      <repositoryKey>SourceMeter_cpp</repositoryKey>
      <key>UNFD</key>
      <priority>MINOR</priority>
    </rule>
    <rule>
      <repositoryKey>SourceMeter_cpp</repositoryKey>
      <key>UP</key>
      <priority>MINOR</priority>
    </rule>
    <rule>
      <repositoryKey>SourceMeter_cpp</repositoryKey>
      <key>UPF</key>
      <priority>MINOR</priority>
    </rule>
    <rule>
      <repositoryKey>SourceMeter_cpp</repositoryKey>
      <key>UPMC</key>
      <priority>MINOR</priority>
    </rule>
    <rule>
      <repositoryKey>SourceMeter_cpp</repositoryKey>
      <key>UQ</key>
      <priority>MINOR</priority>
    </rule>
    <rule>
      <repositoryKey>SourceMeter_cpp</repositoryKey>
      <key>URC</key>
      <priority>MINOR</priority>
    </rule>
    <rule>
      <repositoryKey>SourceMeter_cpp</repositoryKey>
      <key>URV</key>
      <priority>MINOR</priority>
    </rule>
    <rule>
      <repositoryKey>SourceMeter_cpp</repositoryKey>
      <key>UUAM</key>
      <priority>MINOR</priority>
    </rule>
    <rule>
      <repositoryKey>SourceMeter_cpp</repositoryKey>
      <key>UUF</key>
      <priority>MINOR</priority>
    </rule>
    <rule>
      <repositoryKey>SourceMeter_cpp</repositoryKey>
      <key>UUSM</key>
      <priority>MINOR</priority>
    </rule>
    <rule>
      <repositoryKey>SourceMeter_cpp</repositoryKey>
      <key>UUSO</key>
      <priority>BLOCKER</priority>
    </rule>
    <rule>
      <repositoryKey>SourceMeter_cpp</repositoryKey>
      <key>UUV</key>
      <priority>MINOR</priority>
    </rule>
    <rule>
      <repositoryKey>SourceMeter_cpp</repositoryKey>
      <key>UiS</key>
      <priority>BLOCKER</priority>
    </rule>
    <rule>
      <repositoryKey>SourceMeter_cpp</repositoryKey>
      <key>VAEM</key>
      <priority>BLOCKER</priority>
    </rule>
    <rule>
      <repositoryKey>SourceMeter_cpp</repositoryKey>
      <key>VALUBS</key>
      <priority>BLOCKER</priority>
    </rule>
    <rule>
      <repositoryKey>SourceMeter_cpp</repositoryKey>
      <key>VASRP</key>
      <priority>BLOCKER</priority>
    </rule>
    <rule>
      <repositoryKey>SourceMeter_cpp</repositoryKey>
      <key>VASSC</key>
      <priority>BLOCKER</priority>
    </rule>
    <rule>
      <repositoryKey>SourceMeter_cpp</repositoryKey>
      <key>VASWP</key>
      <priority>CRITICAL</priority>
    </rule>
    <rule>
      <repositoryKey>SourceMeter_cpp</repositoryKey>
      <key>VD</key>
      <priority>BLOCKER</priority>
    </rule>
    <rule>
      <repositoryKey>SourceMeter_cpp</repositoryKey>
      <key>VFNUB</key>
      <priority>MINOR</priority>
    </rule>
    <rule>
      <repositoryKey>SourceMeter_cpp</repositoryKey>
      <key>VHE</key>
      <priority>MINOR</priority>
    </rule>
    <rule>
      <repositoryKey>SourceMeter_cpp</repositoryKey>
      <key>VHT</key>
      <priority>MINOR</priority>
    </rule>
    <rule>
      <repositoryKey>SourceMeter_cpp</repositoryKey>
      <key>VS</key>
      <priority>MINOR</priority>
    </rule>
    <rule>
      <repositoryKey>SourceMeter_cpp</repositoryKey>
      <key>WMC</key>
      <priority>CRITICAL</priority>
    </rule>
    <rule>
      <repositoryKey>SourceMeter_cpp</repositoryKey>
      <key>WOBS</key>
      <priority>BLOCKER</priority>
    </rule>
    <rule>
      <repositoryKey>SourceMeter_cpp</repositoryKey>
      <key>WPPS</key>
      <priority>BLOCKER</priority>
    </rule>
    <rule>
      <repositoryKey>SourceMeter_cpp</repositoryKey>
      <key>WPSAN</key>
      <priority>BLOCKER</priority>
    </rule>
    <rule>
      <repositoryKey>SourceMeter_cpp</repositoryKey>
      <key>WPSPPE</key>
      <priority>CRITICAL</priority>
    </rule>
    <rule>
      <repositoryKey>SourceMeter_cpp</repositoryKey>
      <key>WROF</key>
      <priority>BLOCKER</priority>
    </rule>
    <rule>
      <repositoryKey>SourceMeter_cpp</repositoryKey>
      <key>ZD</key>
      <priority>BLOCKER</priority>
    </rule>
    <rule>
      <repositoryKey>SourceMeter_cpp</repositoryKey>
      <key>ZDC</key>
      <priority>CRITICAL</priority>
    </rule>
  </rules>
</profile>
