<?xml version="1.0" encoding="UTF-8"?>
<profile>
  <name>SourceMeter way</name>
  <language>rpg</language>
  <rules>
    <rule>
      <repositoryKey>SourceMeter_rpg</repositoryKey>
      <key>MET_CLOC</key>
      <priority>INFO</priority>
    </rule>
    <rule>
      <repositoryKey>SourceMeter_rpg</repositoryKey>
      <key>MET_DLOC</key>
      <priority>INFO</priority>
    </rule>
    <rule>
      <repositoryKey>SourceMeter_rpg</repositoryKey>
      <key>MET_LLOC</key>
      <priority>INFO</priority>
    </rule>
    <rule>
      <repositoryKey>SourceMeter_rpg</repositoryKey>
      <key>MET_LOC</key>
      <priority>INFO</priority>
    </rule>
    <rule>
      <repositoryKey>SourceMeter_rpg</repositoryKey>
      <key>MET_McCC</key>
      <priority>INFO</priority>
    </rule>
    <rule>
      <repositoryKey>SourceMeter_rpg</repositoryKey>
      <key>MET_NII</key>
      <priority>INFO</priority>
    </rule>
    <rule>
      <repositoryKey>SourceMeter_rpg</repositoryKey>
      <key>MET_NLE</key>
      <priority>INFO</priority>
    </rule>
    <rule>
      <repositoryKey>SourceMeter_rpg</repositoryKey>
      <key>MET_NOI</key>
      <priority>INFO</priority>
    </rule>
    <rule>
      <repositoryKey>SourceMeter_rpg</repositoryKey>
      <key>MET_NOS</key>
      <priority>INFO</priority>
    </rule>
    <rule>
      <repositoryKey>SourceMeter_rpg</repositoryKey>
      <key>MET_NUMPAR</key>
      <priority>INFO</priority>
    </rule>
    <rule>
      <repositoryKey>SourceMeter_rpg</repositoryKey>
      <key>MET_TLLOC</key>
      <priority>INFO</priority>
    </rule>
    <rule>
      <repositoryKey>SourceMeter_rpg</repositoryKey>
      <key>MET_TLOC</key>
      <priority>INFO</priority>
    </rule>
    <rule>
      <repositoryKey>SourceMeter_rpg</repositoryKey>
      <key>MET_TNOS</key>
      <priority>INFO</priority>
    </rule>
    <rule>
      <repositoryKey>SourceMeter_rpg</repositoryKey>
      <key>MET_CCO</key>
      <priority>INFO</priority>
    </rule>
    <rule>
      <repositoryKey>SourceMeter_rpg</repositoryKey>
      <key>MET_CE</key>
      <priority>INFO</priority>
    </rule>
    <rule>
      <repositoryKey>SourceMeter_rpg</repositoryKey>
      <key>MET_CI</key>
      <priority>INFO</priority>
    </rule>
    <rule>
      <repositoryKey>SourceMeter_rpg</repositoryKey>
      <key>MET_CLLC</key>
      <priority>INFO</priority>
    </rule>
    <rule>
      <repositoryKey>SourceMeter_rpg</repositoryKey>
      <key>MET_CLLOC</key>
      <priority>INFO</priority>
    </rule>
    <rule>
      <repositoryKey>SourceMeter_rpg</repositoryKey>
      <key>ADS</key>
      <priority>MINOR</priority>
    </rule>
    <rule>
      <repositoryKey>SourceMeter_rpg</repositoryKey>
      <key>AO</key>
      <priority>CRITICAL</priority>
    </rule>
    <rule>
      <repositoryKey>SourceMeter_rpg</repositoryKey>
      <key>BNE</key>
      <priority>CRITICAL</priority>
    </rule>
    <rule>
      <repositoryKey>SourceMeter_rpg</repositoryKey>
      <key>CCO</key>
      <priority>MAJOR</priority>
    </rule>
    <rule>
      <repositoryKey>SourceMeter_rpg</repositoryKey>
      <key>COSURI</key>
      <priority>MAJOR</priority>
    </rule>
    <rule>
      <repositoryKey>SourceMeter_rpg</repositoryKey>
      <key>COV</key>
      <priority>MAJOR</priority>
    </rule>
    <rule>
      <repositoryKey>SourceMeter_rpg</repositoryKey>
      <key>CRS</key>
      <priority>CRITICAL</priority>
    </rule>
    <rule>
      <repositoryKey>SourceMeter_rpg</repositoryKey>
      <key>CSD</key>
      <priority>MINOR</priority>
    </rule>
    <rule>
      <repositoryKey>SourceMeter_rpg</repositoryKey>
      <key>CWLL</key>
      <priority>CRITICAL</priority>
    </rule>
    <rule>
      <repositoryKey>SourceMeter_rpg</repositoryKey>
      <key>DCI</key>
      <priority>MAJOR</priority>
    </rule>
    <rule>
      <repositoryKey>SourceMeter_rpg</repositoryKey>
      <key>DHTMS</key>
      <priority>MAJOR</priority>
    </rule>
    <rule>
      <repositoryKey>SourceMeter_rpg</repositoryKey>
      <key>ESU</key>
      <priority>MAJOR</priority>
    </rule>
    <rule>
      <repositoryKey>SourceMeter_rpg</repositoryKey>
      <key>ESUAS</key>
      <priority>MINOR</priority>
    </rule>
    <rule>
      <repositoryKey>SourceMeter_rpg</repositoryKey>
      <key>FCSU</key>
      <priority>MAJOR</priority>
    </rule>
    <rule>
      <repositoryKey>SourceMeter_rpg</repositoryKey>
      <key>FO</key>
      <priority>CRITICAL</priority>
    </rule>
    <rule>
      <repositoryKey>SourceMeter_rpg</repositoryKey>
      <key>FPMK</key>
      <priority>MAJOR</priority>
    </rule>
    <rule>
      <repositoryKey>SourceMeter_rpg</repositoryKey>
      <key>FPN</key>
      <priority>MAJOR</priority>
    </rule>
    <rule>
      <repositoryKey>SourceMeter_rpg</repositoryKey>
      <key>FSDE</key>
      <priority>MINOR</priority>
    </rule>
    <rule>
      <repositoryKey>SourceMeter_rpg</repositoryKey>
      <key>IHTMS</key>
      <priority>MAJOR</priority>
    </rule>
    <rule>
      <repositoryKey>SourceMeter_rpg</repositoryKey>
      <key>IMO</key>
      <priority>MAJOR</priority>
    </rule>
    <rule>
      <repositoryKey>SourceMeter_rpg</repositoryKey>
      <key>ISNUI</key>
      <priority>MAJOR</priority>
    </rule>
    <rule>
      <repositoryKey>SourceMeter_rpg</repositoryKey>
      <key>ISTWE</key>
      <priority>MAJOR</priority>
    </rule>
    <rule>
      <repositoryKey>SourceMeter_rpg</repositoryKey>
      <key>LCSDI</key>
      <priority>MAJOR</priority>
    </rule>
    <rule>
      <repositoryKey>SourceMeter_rpg</repositoryKey>
      <key>LSA</key>
      <priority>MINOR</priority>
    </rule>
    <rule>
      <repositoryKey>SourceMeter_rpg</repositoryKey>
      <key>LVN</key>
      <priority>MINOR</priority>
    </rule>
    <rule>
      <repositoryKey>SourceMeter_rpg</repositoryKey>
      <key>MEHFS</key>
      <priority>CRITICAL</priority>
    </rule>
    <rule>
      <repositoryKey>SourceMeter_rpg</repositoryKey>
      <key>NFSUNL</key>
      <priority>CRITICAL</priority>
    </rule>
    <rule>
      <repositoryKey>SourceMeter_rpg</repositoryKey>
      <key>ONFSU</key>
      <priority>MAJOR</priority>
    </rule>
    <rule>
      <repositoryKey>SourceMeter_rpg</repositoryKey>
      <key>SCC</key>
      <priority>CRITICAL</priority>
    </rule>
    <rule>
      <repositoryKey>SourceMeter_rpg</repositoryKey>
      <key>SHOSU</key>
      <priority>MAJOR</priority>
    </rule>
    <rule>
      <repositoryKey>SourceMeter_rpg</repositoryKey>
      <key>SNWNC</key>
      <priority>MINOR</priority>
    </rule>
    <rule>
      <repositoryKey>SourceMeter_rpg</repositoryKey>
      <key>SSD</key>
      <priority>CRITICAL</priority>
    </rule>
    <rule>
      <repositoryKey>SourceMeter_rpg</repositoryKey>
      <key>SVN</key>
      <priority>MINOR</priority>
    </rule>
    <rule>
      <repositoryKey>SourceMeter_rpg</repositoryKey>
      <key>UFSEC</key>
      <priority>CRITICAL</priority>
    </rule>
    <rule>
      <repositoryKey>SourceMeter_rpg</repositoryKey>
      <key>ULCF</key>
      <priority>MAJOR</priority>
    </rule>
    <rule>
      <repositoryKey>SourceMeter_rpg</repositoryKey>
      <key>US</key>
      <priority>CRITICAL</priority>
    </rule>
    <rule>
      <repositoryKey>SourceMeter_rpg</repositoryKey>
      <key>UV</key>
      <priority>CRITICAL</priority>
    </rule>
    <rule>
      <repositoryKey>SourceMeter_rpg</repositoryKey>
      <key>VUIUS</key>
      <priority>CRITICAL</priority>
    </rule>
    <rule>
      <repositoryKey>SourceMeter_rpg</repositoryKey>
      <key>WBWTMS</key>
      <priority>MAJOR</priority>
    </rule>
  </rules>
</profile>
