<?xml version="1.0" encoding="UTF-8" standalone="yes"?>
<sqale>
    <chc>
        <key>MAINTAINABILITY</key>
        <name>Maintainability</name>
        <chc>
            <key>READABILITY</key>
            <name>Readability</name>
            <chc>
                <rule-repo>SourceMeter_rpg</rule-repo>
                <rule-key>ESU</rule-key>
                <prop>
                    <key>remediationFunction</key>
                    <txt>constant_issue</txt>
                </prop>
                <prop>
                    <key>offset</key>
                    <txt>mn</txt>
                    <val>10</val>
                </prop>
            </chc>
            <chc>
                <rule-repo>SourceMeter_rpg</rule-repo>
                <rule-key>FCSU</rule-key>
                <prop>
                    <key>remediationFunction</key>
                    <txt>constant_issue</txt>
                </prop>
                <prop>
                    <key>offset</key>
                    <txt>mn</txt>
                    <val>5</val>
                </prop>
            </chc>
            <chc>
                <rule-repo>SourceMeter_rpg</rule-repo>
                <rule-key>FHTML</rule-key>
                <prop>
                    <key>remediationFunction</key>
                    <txt>constant_issue</txt>
                </prop>
                <prop>
                    <key>offset</key>
                    <txt>mn</txt>
                    <val>1</val>
                </prop>
            </chc>
            <chc>
                <rule-repo>SourceMeter_rpg</rule-repo>
                <rule-key>FPMK</rule-key>
                <prop>
                    <key>remediationFunction</key>
                    <txt>constant_issue</txt>
                </prop>
                <prop>
                    <key>offset</key>
                    <txt>mn</txt>
                    <val>30</val>
                </prop>
            </chc>
            <chc>
                <rule-repo>SourceMeter_rpg</rule-repo>
                <rule-key>FSDE</rule-key>
                <prop>
                    <key>remediationFunction</key>
                    <txt>constant_issue</txt>
                </prop>
                <prop>
                    <key>offset</key>
                    <txt>mn</txt>
                    <val>30</val>
                </prop>
            </chc>
            <chc>
                <rule-repo>SourceMeter_rpg</rule-repo>
                <rule-key>SNWNC</rule-key>
                <prop>
                    <key>remediationFunction</key>
                    <txt>constant_issue</txt>
                </prop>
                <prop>
                    <key>offset</key>
                    <txt>mn</txt>
                    <val>10</val>
                </prop>
            </chc>
            <chc>
                <rule-repo>SourceMeter_rpg</rule-repo>
                <rule-key>WBWTMS</rule-key>
                <prop>
                    <key>remediationFunction</key>
                    <txt>constant_issue</txt>
                </prop>
                <prop>
                    <key>offset</key>
                    <txt>mn</txt>
                    <val>5</val>
                </prop>
            </chc>
            <chc>
                <rule-repo>SourceMeter_rpg</rule-repo>
                <rule-key>CCO</rule-key>
                <prop>
                    <key>remediationFunction</key>
                    <txt>constant_issue</txt>
                </prop>
                <prop>
                    <key>offset</key>
                    <txt>mn</txt>
                    <val>1</val>
                </prop>
            </chc>
            <chc>
                <rule-repo>SourceMeter_rpg</rule-repo>
                <rule-key>CRS</rule-key>
                <prop>
                    <key>remediationFunction</key>
                    <txt>constant_issue</txt>
                </prop>
                <prop>
                    <key>offset</key>
                    <txt>mn</txt>
                    <val>1</val>
                </prop>
            </chc>
            <chc>
                <rule-repo>SourceMeter_rpg</rule-repo>
                <rule-key>ESUAS</rule-key>
                <prop>
                    <key>remediationFunction</key>
                    <txt>constant_issue</txt>
                </prop>
                <prop>
                    <key>offset</key>
                    <txt>mn</txt>
                    <val>5</val>
                </prop>
            </chc>
            <chc>
                <rule-repo>SourceMeter_rpg</rule-repo>
                <rule-key>FPN</rule-key>
                <prop>
                    <key>remediationFunction</key>
                    <txt>constant_issue</txt>
                </prop>
                <prop>
                    <key>offset</key>
                    <txt>mn</txt>
                    <val>30</val>
                </prop>
            </chc>
            <chc>
                <rule-repo>SourceMeter_rpg</rule-repo>
                <rule-key>LVN</rule-key>
                <prop>
                    <key>remediationFunction</key>
                    <txt>constant_issue</txt>
                </prop>
                <prop>
                    <key>offset</key>
                    <txt>mn</txt>
                    <val>5</val>
                </prop>
            </chc>
            <chc>
                <rule-repo>SourceMeter_rpg</rule-repo>
                <rule-key>SVN</rule-key>
                <prop>
                    <key>remediationFunction</key>
                    <txt>constant_issue</txt>
                </prop>
                <prop>
                    <key>offset</key>
                    <txt>mn</txt>
                    <val>5</val>
                </prop>
            </chc>
        </chc>
        <chc>
            <key>UNDERSTANDABILITY</key>
            <name>Understandability</name>
            <chc>
                <rule-repo>SourceMeter_rpg</rule-repo>
                <rule-key>FO</rule-key>
                <prop>
                    <key>remediationFunction</key>
                    <txt>constant_issue</txt>
                </prop>
                <prop>
                    <key>offset</key>
                    <txt>mn</txt>
                    <val>10</val>
                </prop>
            </chc>
            <chc>
                <rule-repo>SourceMeter_rpg</rule-repo>
                <rule-key>DCI</rule-key>
                <prop>
                    <key>remediationFunction</key>
                    <txt>constant_issue</txt>
                </prop>
                <prop>
                    <key>offset</key>
                    <txt>mn</txt>
                    <val>30</val>
                </prop>
            </chc>
            <chc>
                <rule-repo>SourceMeter_rpg</rule-repo>
                <rule-key>ISNUI</rule-key>
                <prop>
                    <key>remediationFunction</key>
                    <txt>constant_issue</txt>
                </prop>
                <prop>
                    <key>offset</key>
                    <txt>mn</txt>
                    <val>20</val>
                </prop>
            </chc>
            <chc>
                <rule-repo>SourceMeter_rpg</rule-repo>
                <rule-key>SSD</rule-key>
                <prop>
                    <key>remediationFunction</key>
                    <txt>constant_issue</txt>
                </prop>
                <prop>
                    <key>offset</key>
                    <txt>mn</txt>
                    <val>5</val>
                </prop>
            </chc>
            <chc>
                <rule-repo>SourceMeter_rpg</rule-repo>
                <rule-key>TMS</rule-key>
                <prop>
                    <key>remediationFunction</key>
                    <txt>constant_issue</txt>
                </prop>
                <prop>
                    <key>offset</key>
                    <txt>mn</txt>
                    <val>20</val>
                </prop>
            </chc>
            <chc>
                <rule-repo>SourceMeter_rpg</rule-repo>
                <rule-key>ULCF</rule-key>
                <prop>
                    <key>remediationFunction</key>
                    <txt>constant_issue</txt>
                </prop>
                <prop>
                    <key>offset</key>
                    <txt>mn</txt>
                    <val>1</val>
                </prop>
            </chc>
            <chc>
                <rule-repo>SourceMeter_rpg</rule-repo>
                <rule-key>US</rule-key>
                <prop>
                    <key>remediationFunction</key>
                    <txt>constant_issue</txt>
                </prop>
                <prop>
                    <key>offset</key>
                    <txt>mn</txt>
                    <val>5</val>
                </prop>
            </chc>
            <chc>
                <rule-repo>SourceMeter_rpg</rule-repo>
                <rule-key>DASDUD</rule-key>
                <prop>
                    <key>remediationFunction</key>
                    <txt>constant_issue</txt>
                </prop>
                <prop>
                    <key>offset</key>
                    <txt>mn</txt>
                    <val>30</val>
                </prop>
            </chc>
            <chc>
                <rule-repo>SourceMeter_rpg</rule-repo>
                <rule-key>DHTMS</rule-key>
                <prop>
                    <key>remediationFunction</key>
                    <txt>constant_issue</txt>
                </prop>
                <prop>
                    <key>offset</key>
                    <txt>mn</txt>
                    <val>20</val>
                </prop>
            </chc>
            <chc>
                <rule-repo>SourceMeter_rpg</rule-repo>
                <rule-key>IHTMS</rule-key>
                <prop>
                    <key>remediationFunction</key>
                    <txt>constant_issue</txt>
                </prop>
                <prop>
                    <key>offset</key>
                    <txt>mn</txt>
                    <val>20</val>
                </prop>
            </chc>
            <chc>
                <rule-repo>SourceMeter_rpg</rule-repo>
                <rule-key>UCO</rule-key>
                <prop>
                    <key>remediationFunction</key>
                    <txt>constant_issue</txt>
                </prop>
                <prop>
                    <key>offset</key>
                    <txt>mn</txt>
                    <val>1</val>
                </prop>
            </chc>
            <chc>
                <rule-repo>SourceMeter_rpg</rule-repo>
                <rule-key>UV</rule-key>
                <prop>
                    <key>remediationFunction</key>
                    <txt>constant_issue</txt>
                </prop>
                <prop>
                    <key>offset</key>
                    <txt>mn</txt>
                    <val>5</val>
                </prop>
            </chc>
            <chc>
                <rule-repo>SourceMeter_rpg</rule-repo>
                <rule-key>VUIUS</rule-key>
                <prop>
                    <key>remediationFunction</key>
                    <txt>constant_issue</txt>
                </prop>
                <prop>
                    <key>offset</key>
                    <txt>mn</txt>
                    <val>5</val>
                </prop>
            </chc>
        </chc>
    </chc>
    <chc>
        <key>SECURITY</key>
        <name>Security</name>
        <chc>
            <key>ERRORS</key>
            <name>Errors</name>
            <chc>
                <rule-repo>SourceMeter_rpg</rule-repo>
                <rule-key>MEHFS</rule-key>
                <prop>
                    <key>remediationFunction</key>
                    <txt>constant_issue</txt>
                </prop>
                <prop>
                    <key>offset</key>
                    <txt>mn</txt>
                    <val>5</val>
                </prop>
            </chc>
        </chc>
        <chc>
            <key>SECURITY_FEATURES</key>
            <name>Security features</name>
            <chc>
                <rule-repo>SourceMeter_rpg</rule-repo>
                <rule-key>CSD</rule-key>
                <prop>
                    <key>remediationFunction</key>
                    <txt>constant_issue</txt>
                </prop>
                <prop>
                    <key>offset</key>
                    <txt>mn</txt>
                    <val>5</val>
                </prop>
            </chc>
        </chc>
    </chc>
    <chc>
        <key>EFFICIENCY</key>
        <name>Efficiency</name>
        <chc>
            <key>MEMORY_EFFICIENCY</key>
            <name>Memory use</name>
            <chc>
                <rule-repo>SourceMeter_rpg</rule-repo>
                <rule-key>ONFSU</rule-key>
                <prop>
                    <key>remediationFunction</key>
                    <txt>constant_issue</txt>
                </prop>
                <prop>
                    <key>offset</key>
                    <txt>mn</txt>
                    <val>30</val>
                </prop>
            </chc>
            <chc>
                <rule-repo>SourceMeter_rpg</rule-repo>
                <rule-key>LSA</rule-key>
                <prop>
                    <key>remediationFunction</key>
                    <txt>constant_issue</txt>
                </prop>
                <prop>
                    <key>offset</key>
                    <txt>mn</txt>
                    <val>20</val>
                </prop>
            </chc>
        </chc>
        <chc>
            <key>CPU_EFFICIENCY</key>
            <name>Processor use</name>
            <chc>
                <rule-repo>SourceMeter_rpg</rule-repo>
                <rule-key>ADS</rule-key>
                <prop>
                    <key>remediationFunction</key>
                    <txt>constant_issue</txt>
                </prop>
                <prop>
                    <key>offset</key>
                    <txt>mn</txt>
                    <val>10</val>
                </prop>
            </chc>
            <chc>
                <rule-repo>SourceMeter_rpg</rule-repo>
                <rule-key>AO</rule-key>
                <prop>
                    <key>remediationFunction</key>
                    <txt>constant_issue</txt>
                </prop>
                <prop>
                    <key>offset</key>
                    <txt>mn</txt>
                    <val>30</val>
                </prop>
            </chc>
        </chc>
    </chc>
    <chc>
        <key>CHANGEABILITY</key>
        <name>Changeability</name>
        <chc>
            <key>LOGIC_CHANGEABILITY</key>
            <name>Logic</name>
            <chc>
                <rule-repo>SourceMeter_rpg</rule-repo>
                <rule-key>ISTWE</rule-key>
                <prop>
                    <key>remediationFunction</key>
                    <txt>constant_issue</txt>
                </prop>
                <prop>
                    <key>offset</key>
                    <txt>mn</txt>
                    <val>5</val>
                </prop>
            </chc>
            <chc>
                <rule-repo>SourceMeter_rpg</rule-repo>
                <rule-key>LCSDI</rule-key>
                <prop>
                    <key>remediationFunction</key>
                    <txt>constant_issue</txt>
                </prop>
                <prop>
                    <key>offset</key>
                    <txt>mn</txt>
                    <val>30</val>
                </prop>
            </chc>
            <chc>
                <rule-repo>SourceMeter_rpg</rule-repo>
                <rule-key>UFSEC</rule-key>
                <prop>
                    <key>remediationFunction</key>
                    <txt>constant_issue</txt>
                </prop>
                <prop>
                    <key>offset</key>
                    <txt>mn</txt>
                    <val>30</val>
                </prop>
            </chc>
            <chc>
                <rule-repo>SourceMeter_rpg</rule-repo>
                <rule-key>BNE</rule-key>
                <prop>
                    <key>remediationFunction</key>
                    <txt>constant_issue</txt>
                </prop>
                <prop>
                    <key>offset</key>
                    <txt>mn</txt>
                    <val>5</val>
                </prop>
            </chc>
            <chc>
                <rule-repo>SourceMeter_rpg</rule-repo>
                <rule-key>SCC</rule-key>
                <prop>
                    <key>remediationFunction</key>
                    <txt>constant_issue</txt>
                </prop>
                <prop>
                    <key>offset</key>
                    <txt>mn</txt>
                    <val>10</val>
                </prop>
            </chc>
        </chc>
    </chc>
    <chc>
        <key>RELIABILITY</key>
        <name>Reliability</name>
        <chc>
            <key>DATA_RELIABILITY</key>
            <name>Data</name>
            <chc>
                <rule-repo>SourceMeter_rpg</rule-repo>
                <rule-key>IMO</rule-key>
                <prop>
                    <key>remediationFunction</key>
                    <txt>constant_issue</txt>
                </prop>
                <prop>
                    <key>offset</key>
                    <txt>mn</txt>
                    <val>30</val>
                </prop>
            </chc>
            <chc>
                <rule-repo>SourceMeter_rpg</rule-repo>
                <rule-key>SLD</rule-key>
                <prop>
                    <key>remediationFunction</key>
                    <txt>constant_issue</txt>
                </prop>
                <prop>
                    <key>offset</key>
                    <txt>mn</txt>
                    <val>10</val>
                </prop>
            </chc>
        </chc>
        <chc>
            <key>EXCEPTION_HANDLING</key>
            <name>Exception handling</name>
            <chc>
                <rule-repo>SourceMeter_rpg</rule-repo>
                <rule-key>COSURI</rule-key>
                <prop>
                    <key>remediationFunction</key>
                    <txt>constant_issue</txt>
                </prop>
                <prop>
                    <key>offset</key>
                    <txt>mn</txt>
                    <val>30</val>
                </prop>
            </chc>
            <chc>
                <rule-repo>SourceMeter_rpg</rule-repo>
                <rule-key>COV</rule-key>
                <prop>
                    <key>remediationFunction</key>
                    <txt>constant_issue</txt>
                </prop>
                <prop>
                    <key>offset</key>
                    <txt>mn</txt>
                    <val>5</val>
                </prop>
            </chc>
            <chc>
                <rule-repo>SourceMeter_rpg</rule-repo>
                <rule-key>SHOSU</rule-key>
                <prop>
                    <key>remediationFunction</key>
                    <txt>constant_issue</txt>
                </prop>
                <prop>
                    <key>offset</key>
                    <txt>mn</txt>
                    <val>5</val>
                </prop>
            </chc>
        </chc>
        <chc>
            <key>INSTRUCTION_RELIABILITY</key>
            <name>Instruction</name>
            <chc>
                <rule-repo>SourceMeter_rpg</rule-repo>
                <rule-key>NFSUNL</rule-key>
                <prop>
                    <key>remediationFunction</key>
                    <txt>constant_issue</txt>
                </prop>
                <prop>
                    <key>offset</key>
                    <txt>mn</txt>
                    <val>10</val>
                </prop>
            </chc>
            <chc>
                <rule-repo>SourceMeter_rpg</rule-repo>
                <rule-key>CWLL</rule-key>
                <prop>
                    <key>remediationFunction</key>
                    <txt>constant_issue</txt>
                </prop>
                <prop>
                    <key>offset</key>
                    <txt>mn</txt>
                    <val>1</val>
                </prop>
            </chc>
        </chc>
        <chc>
            <key>LOGIC_RELIABILITY</key>
            <name>Logic</name>
            <chc>
                <rule-repo>SourceMeter_rpg</rule-repo>
                <rule-key>TDN</rule-key>
                <prop>
                    <key>remediationFunction</key>
                    <txt>constant_issue</txt>
                </prop>
                <prop>
                    <key>offset</key>
                    <txt>mn</txt>
                    <val>10</val>
                </prop>
            </chc>
        </chc>
    </chc>
    <chc>
        <key>TESTABILITY</key>
        <name>Testability</name>
        <chc>
            <key>UNIT_TESTABILITY</key>
            <name>Unit level</name>
            <chc>
                <rule-repo>SourceMeter_rpg</rule-repo>
                <rule-key>STC</rule-key>
                <prop>
                    <key>remediationFunction</key>
                    <txt>constant_issue</txt>
                </prop>
                <prop>
                    <key>offset</key>
                    <txt>mn</txt>
                    <val>30</val>
                </prop>
            </chc>
        </chc>
    </chc>
</sqale>
