﻿<?xml version="1.0" encoding="UTF-8"?>
<sqale>
  <chc>
    <key>PORTABILITY</key>
    <name>Portability</name>
    <chc>
      <key>COMPILER_RELATED_PORTABILITY</key>
      <name>Compiler related portability</name>
    </chc>
    <chc>
      <key>HARDWARE_RELATED_PORTABILITY</key>
      <name>Hardware related portability</name>
      <chc>
        <rule-repo>SourceMeter_csharp</rule-repo>
        <rule-key>DNUTTPPSC</rule-key>
        <prop>
          <key>offset</key>
          <val>3.0</val>
          <txt>h</txt>
        </prop>
        <prop>
          <key>remediationFunction</key>
          <txt>constant_issue</txt>
        </prop>
      </chc>
    </chc>
    <chc>
      <key>LANGUAGE_RELATED_PORTABILITY</key>
      <name>Language related portability</name>
      <chc>
        <rule-repo>SourceMeter_csharp</rule-repo>
        <rule-key>DPSNBU</rule-key>
        <prop>
          <key>offset</key>
          <val>45.0</val>
          <txt>mn</txt>
        </prop>
        <prop>
          <key>remediationFunction</key>
          <txt>constant_issue</txt>
        </prop>
      </chc>
      <chc>
        <rule-repo>SourceMeter_csharp</rule-repo>
        <rule-key>ESSBI</rule-key>
        <prop>
          <key>offset</key>
          <val>3.0</val>
          <txt>h</txt>
        </prop>
        <prop>
          <key>remediationFunction</key>
          <txt>constant_issue</txt>
        </prop>
      </chc>
      <chc>
        <rule-repo>SourceMeter_csharp</rule-repo>
        <rule-key>VTFSBP</rule-key>
        <prop>
          <key>offset</key>
          <val>3.0</val>
          <txt>h</txt>
        </prop>
        <prop>
          <key>remediationFunction</key>
          <txt>constant_issue</txt>
        </prop>
      </chc>
      <chc>
        <rule-repo>SourceMeter_csharp</rule-repo>
        <rule-key>PDSBP</rule-key>
        <prop>
          <key>offset</key>
          <val>3.0</val>
          <txt>h</txt>
        </prop>
        <prop>
          <key>remediationFunction</key>
          <txt>constant_issue</txt>
        </prop>
      </chc>
      <chc>
        <rule-repo>SourceMeter_csharp</rule-repo>
        <rule-key>MAWCC</rule-key>
        <prop>
          <key>offset</key>
          <val>9.0</val>
          <txt>h</txt>
        </prop>
        <prop>
          <key>remediationFunction</key>
          <txt>constant_issue</txt>
        </prop>
      </chc>
      <chc>
        <rule-repo>SourceMeter_csharp</rule-repo>
        <rule-key>UOAFTF</rule-key>
        <prop>
          <key>offset</key>
          <val>3.0</val>
          <txt>h</txt>
        </prop>
        <prop>
          <key>remediationFunction</key>
          <txt>constant_issue</txt>
        </prop>
      </chc>
    </chc>
    <chc>
      <key>OS_RELATED_PORTABILITY</key>
      <name>OS related portability</name>
    </chc>
    <chc>
      <key>SOFTWARE_RELATED_PORTABILITY</key>
      <name>Software related portability</name>
      <chc>
        <rule-repo>SourceMeter_csharp</rule-repo>
        <rule-key>MTNMC</rule-key>
        <prop>
          <key>offset</key>
          <val>3.0</val>
          <txt>h</txt>
        </prop>
        <prop>
          <key>remediationFunction</key>
          <txt>constant_issue</txt>
        </prop>
      </chc>
      <chc>
        <rule-repo>SourceMeter_csharp</rule-repo>
        <rule-key>ALTSNBCV</rule-key>
        <prop>
          <key>offset</key>
          <val>45.0</val>
          <txt>mn</txt>
        </prop>
        <prop>
          <key>remediationFunction</key>
          <txt>constant_issue</txt>
        </prop>
      </chc>
      <chc>
        <rule-repo>SourceMeter_csharp</rule-repo>
        <rule-key>SMBO</rule-key>
        <prop>
          <key>offset</key>
          <val>3.0</val>
          <txt>h</txt>
        </prop>
        <prop>
          <key>remediationFunction</key>
          <txt>constant_issue</txt>
        </prop>
      </chc>
    </chc>
    <chc>
      <key>TIME_ZONE_RELATED_PORTABILITY</key>
      <name>Time zone related portability</name>
    </chc>
  </chc>
  <chc>
    <key>CHANGEABILITY</key>
    <name>Changeability</name>
    <chc>
      <key>ARCHITECTURE_CHANGEABILITY</key>
      <name>Architecture related changeability</name>
      <chc>
        <rule-repo>SourceMeter_csharp</rule-repo>
        <rule-key>DNDVIF</rule-key>
        <prop>
          <key>offset</key>
          <val>3.0</val>
          <txt>h</txt>
        </prop>
        <prop>
          <key>remediationFunction</key>
          <txt>constant_issue</txt>
        </prop>
      </chc>
      <chc>
        <rule-repo>SourceMeter_csharp</rule-repo>
        <rule-key>MSNECCT</rule-key>
        <prop>
          <key>offset</key>
          <val>45.0</val>
          <txt>mn</txt>
        </prop>
        <prop>
          <key>remediationFunction</key>
          <txt>constant_issue</txt>
        </prop>
      </chc>
    </chc>
    <chc>
      <key>DATA_CHANGEABILITY</key>
      <name>Data related changeability</name>
      <chc>
        <rule-repo>SourceMeter_csharp</rule-repo>
        <rule-key>AEI</rule-key>
        <prop>
          <key>offset</key>
          <val>3.0</val>
          <txt>h</txt>
        </prop>
        <prop>
          <key>remediationFunction</key>
          <txt>constant_issue</txt>
        </prop>
      </chc>
    </chc>
    <chc>
      <key>LOGIC_CHANGEABILITY</key>
      <name>Logic related changeability</name>
    </chc>
  </chc>
  <chc>
    <key>MAINTAINABILITY</key>
    <name>Maintainability</name>
    <chc>
      <key>READABILITY</key>
      <name>Readability</name>
      <chc>
        <rule-repo>SourceMeter_csharp</rule-repo>
        <rule-key>CWSBCC</rule-key>
        <prop>
          <key>offset</key>
          <val>15.0</val>
          <txt>mn</txt>
        </prop>
        <prop>
          <key>remediationFunction</key>
          <txt>constant_issue</txt>
        </prop>
      </chc>
      <chc>
        <rule-repo>SourceMeter_csharp</rule-repo>
        <rule-key>ISBCC</rule-key>
        <prop>
          <key>offset</key>
          <val>15.0</val>
          <txt>mn</txt>
        </prop>
        <prop>
          <key>remediationFunction</key>
          <txt>constant_issue</txt>
        </prop>
      </chc>
      <chc>
        <rule-repo>SourceMeter_csharp</rule-repo>
        <rule-key>RSCWSBCC</rule-key>
        <prop>
          <key>offset</key>
          <val>15.0</val>
          <txt>mn</txt>
        </prop>
        <prop>
          <key>remediationFunction</key>
          <txt>constant_issue</txt>
        </prop>
      </chc>
      <chc>
        <rule-repo>SourceMeter_csharp</rule-repo>
        <rule-key>ISBSC</rule-key>
        <prop>
          <key>offset</key>
          <val>15.0</val>
          <txt>mn</txt>
        </prop>
        <prop>
          <key>remediationFunction</key>
          <txt>constant_issue</txt>
        </prop>
      </chc>
      <chc>
        <rule-repo>SourceMeter_csharp</rule-repo>
        <rule-key>ISNCU</rule-key>
        <prop>
          <key>offset</key>
          <val>15.0</val>
          <txt>mn</txt>
        </prop>
        <prop>
          <key>remediationFunction</key>
          <txt>constant_issue</txt>
        </prop>
      </chc>
      <chc>
        <rule-repo>SourceMeter_csharp</rule-repo>
        <rule-key>RSSBSC</rule-key>
        <prop>
          <key>offset</key>
          <val>15.0</val>
          <txt>mn</txt>
        </prop>
        <prop>
          <key>remediationFunction</key>
          <txt>constant_issue</txt>
        </prop>
      </chc>
      <chc>
        <rule-repo>SourceMeter_csharp</rule-repo>
        <rule-key>UPT</rule-key>
        <prop>
          <key>offset</key>
          <val>45.0</val>
          <txt>mn</txt>
        </prop>
        <prop>
          <key>remediationFunction</key>
          <txt>constant_issue</txt>
        </prop>
      </chc>
      <chc>
        <rule-repo>SourceMeter_csharp</rule-repo>
        <rule-key>ESNHBOAP</rule-key>
        <prop>
          <key>offset</key>
          <val>45.0</val>
          <txt>mn</txt>
        </prop>
        <prop>
          <key>remediationFunction</key>
          <txt>constant_issue</txt>
        </prop>
      </chc>
    </chc>
    <chc>
      <key>UNDERSTANDABILITY</key>
      <name>Understandability</name>
      <chc>
        <rule-repo>SourceMeter_csharp</rule-repo>
        <rule-key>AEL</rule-key>
        <prop>
          <key>offset</key>
          <val>45.0</val>
          <txt>mn</txt>
        </prop>
        <prop>
          <key>remediationFunction</key>
          <txt>constant_issue</txt>
        </prop>
      </chc>
      <chc>
        <rule-repo>SourceMeter_csharp</rule-repo>
        <rule-key>AEPOGT</rule-key>
        <prop>
          <key>offset</key>
          <val>45.0</val>
          <txt>mn</txt>
        </prop>
        <prop>
          <key>remediationFunction</key>
          <txt>constant_issue</txt>
        </prop>
      </chc>
      <chc>
        <rule-repo>SourceMeter_csharp</rule-repo>
        <rule-key>ANWFT</rule-key>
        <prop>
          <key>offset</key>
          <val>45.0</val>
          <txt>mn</txt>
        </prop>
        <prop>
          <key>remediationFunction</key>
          <txt>constant_issue</txt>
        </prop>
      </chc>
      <chc>
        <rule-repo>SourceMeter_csharp</rule-repo>
        <rule-key>AOP</rule-key>
        <prop>
          <key>offset</key>
          <val>45.0</val>
          <txt>mn</txt>
        </prop>
        <prop>
          <key>remediationFunction</key>
          <txt>constant_issue</txt>
        </prop>
      </chc>
      <chc>
        <rule-repo>SourceMeter_csharp</rule-repo>
        <rule-key>DNDPMIST</rule-key>
        <prop>
          <key>offset</key>
          <val>45.0</val>
          <txt>mn</txt>
        </prop>
        <prop>
          <key>remediationFunction</key>
          <txt>constant_issue</txt>
        </prop>
      </chc>
      <chc>
        <rule-repo>SourceMeter_csharp</rule-repo>
        <rule-key>AUPC</rule-key>
        <prop>
          <key>offset</key>
          <val>3.0</val>
          <txt>h</txt>
        </prop>
        <prop>
          <key>remediationFunction</key>
          <txt>constant_issue</txt>
        </prop>
      </chc>
      <chc>
        <rule-repo>SourceMeter_csharp</rule-repo>
        <rule-key>ANFICVVT</rule-key>
        <prop>
          <key>offset</key>
          <val>45.0</val>
          <txt>mn</txt>
        </prop>
        <prop>
          <key>remediationFunction</key>
          <txt>constant_issue</txt>
        </prop>
      </chc>
      <chc>
        <rule-repo>SourceMeter_csharp</rule-repo>
        <rule-key>AUPF</rule-key>
        <prop>
          <key>offset</key>
          <val>45.0</val>
          <txt>mn</txt>
        </prop>
        <prop>
          <key>remediationFunction</key>
          <txt>constant_issue</txt>
        </prop>
      </chc>
      <chc>
        <rule-repo>SourceMeter_csharp</rule-repo>
        <rule-key>ISDBMTC</rule-key>
        <prop>
          <key>offset</key>
          <val>15.0</val>
          <txt>mn</txt>
        </prop>
        <prop>
          <key>remediationFunction</key>
          <txt>constant_issue</txt>
        </prop>
      </chc>
      <chc>
        <rule-repo>SourceMeter_csharp</rule-repo>
        <rule-key>ISHCP</rule-key>
        <prop>
          <key>offset</key>
          <val>15.0</val>
          <txt>mn</txt>
        </prop>
        <prop>
          <key>remediationFunction</key>
          <txt>constant_issue</txt>
        </prop>
      </chc>
      <chc>
        <rule-repo>SourceMeter_csharp</rule-repo>
        <rule-key>ISNCTN</rule-key>
        <prop>
          <key>offset</key>
          <val>15.0</val>
          <txt>mn</txt>
        </prop>
        <prop>
          <key>remediationFunction</key>
          <txt>constant_issue</txt>
        </prop>
      </chc>
      <chc>
        <rule-repo>SourceMeter_csharp</rule-repo>
        <rule-key>ISNMK</rule-key>
        <prop>
          <key>offset</key>
          <val>15.0</val>
          <txt>mn</txt>
        </prop>
        <prop>
          <key>remediationFunction</key>
          <txt>constant_issue</txt>
        </prop>
      </chc>
      <chc>
        <rule-repo>SourceMeter_csharp</rule-repo>
        <rule-key>REF</rule-key>
        <prop>
          <key>offset</key>
          <val>3.0</val>
          <txt>h</txt>
        </prop>
        <prop>
          <key>remediationFunction</key>
          <txt>constant_issue</txt>
        </prop>
      </chc>
      <chc>
        <rule-repo>SourceMeter_csharp</rule-repo>
        <rule-key>RUL</rule-key>
        <prop>
          <key>offset</key>
          <val>45.0</val>
          <txt>mn</txt>
        </prop>
        <prop>
          <key>remediationFunction</key>
          <txt>constant_issue</txt>
        </prop>
      </chc>
      <chc>
        <rule-repo>SourceMeter_csharp</rule-repo>
        <rule-key>NTSNBV</rule-key>
        <prop>
          <key>offset</key>
          <val>45.0</val>
          <txt>mn</txt>
        </prop>
        <prop>
          <key>remediationFunction</key>
          <txt>constant_issue</txt>
        </prop>
      </chc>
      <chc>
        <rule-repo>SourceMeter_csharp</rule-repo>
        <rule-key>MSDBMTRT</rule-key>
        <prop>
          <key>offset</key>
          <val>3.0</val>
          <txt>h</txt>
        </prop>
        <prop>
          <key>remediationFunction</key>
          <txt>constant_issue</txt>
        </prop>
      </chc>
      <chc>
        <rule-repo>SourceMeter_csharp</rule-repo>
        <rule-key>TNSNMN</rule-key>
        <prop>
          <key>offset</key>
          <val>45.0</val>
          <txt>mn</txt>
        </prop>
        <prop>
          <key>remediationFunction</key>
          <txt>constant_issue</txt>
        </prop>
      </chc>
      <chc>
        <rule-repo>SourceMeter_csharp</rule-repo>
        <rule-key>DNHBCM</rule-key>
        <prop>
          <key>offset</key>
          <val>45.0</val>
          <txt>mn</txt>
        </prop>
        <prop>
          <key>remediationFunction</key>
          <txt>constant_issue</txt>
        </prop>
      </chc>
      <chc>
        <rule-repo>SourceMeter_csharp</rule-repo>
        <rule-key>ATSNHC</rule-key>
        <prop>
          <key>offset</key>
          <val>15.0</val>
          <txt>mn</txt>
        </prop>
        <prop>
          <key>remediationFunction</key>
          <txt>constant_issue</txt>
        </prop>
      </chc>
      <chc>
        <rule-repo>SourceMeter_csharp</rule-repo>
        <rule-key>ASHVSN</rule-key>
        <prop>
          <key>offset</key>
          <val>45.0</val>
          <txt>mn</txt>
        </prop>
        <prop>
          <key>remediationFunction</key>
          <txt>constant_issue</txt>
        </prop>
      </chc>
      <chc>
        <rule-repo>SourceMeter_csharp</rule-repo>
        <rule-key>ASLSPC</rule-key>
        <prop>
          <key>offset</key>
          <val>45.0</val>
          <txt>mn</txt>
        </prop>
        <prop>
          <key>remediationFunction</key>
          <txt>constant_issue</txt>
        </prop>
      </chc>
      <chc>
        <rule-repo>SourceMeter_csharp</rule-repo>
        <rule-key>CSIGI</rule-key>
        <prop>
          <key>offset</key>
          <val>45.0</val>
          <txt>mn</txt>
        </prop>
        <prop>
          <key>remediationFunction</key>
          <txt>constant_issue</txt>
        </prop>
      </chc>
      <chc>
        <rule-repo>SourceMeter_csharp</rule-repo>
        <rule-key>DNNEVR</rule-key>
        <prop>
          <key>offset</key>
          <val>45.0</val>
          <txt>mn</txt>
        </prop>
        <prop>
          <key>remediationFunction</key>
          <txt>constant_issue</txt>
        </prop>
      </chc>
      <chc>
        <rule-repo>SourceMeter_csharp</rule-repo>
        <rule-key>ISNHIP</rule-key>
        <prop>
          <key>offset</key>
          <val>15.0</val>
          <txt>mn</txt>
        </prop>
        <prop>
          <key>remediationFunction</key>
          <txt>constant_issue</txt>
        </prop>
      </chc>
      <chc>
        <rule-repo>SourceMeter_csharp</rule-repo>
        <rule-key>ISNHIS</rule-key>
        <prop>
          <key>offset</key>
          <val>15.0</val>
          <txt>mn</txt>
        </prop>
        <prop>
          <key>remediationFunction</key>
          <txt>constant_issue</txt>
        </prop>
      </chc>
      <chc>
        <rule-repo>SourceMeter_csharp</rule-repo>
        <rule-key>MAWAU</rule-key>
        <prop>
          <key>offset</key>
          <val>3.0</val>
          <txt>h</txt>
        </prop>
        <prop>
          <key>remediationFunction</key>
          <txt>constant_issue</txt>
        </prop>
      </chc>
      <chc>
        <rule-repo>SourceMeter_csharp</rule-repo>
        <rule-key>MBAWMA</rule-key>
        <prop>
          <key>offset</key>
          <val>45.0</val>
          <txt>mn</txt>
        </prop>
        <prop>
          <key>remediationFunction</key>
          <txt>constant_issue</txt>
        </prop>
      </chc>
      <chc>
        <rule-repo>SourceMeter_csharp</rule-repo>
        <rule-key>OFESHPN</rule-key>
        <prop>
          <key>offset</key>
          <val>45.0</val>
          <txt>mn</txt>
        </prop>
        <prop>
          <key>remediationFunction</key>
          <txt>constant_issue</txt>
        </prop>
      </chc>
      <chc>
        <rule-repo>SourceMeter_csharp</rule-repo>
        <rule-key>PNSMBD</rule-key>
        <prop>
          <key>offset</key>
          <val>45.0</val>
          <txt>mn</txt>
        </prop>
        <prop>
          <key>remediationFunction</key>
          <txt>constant_issue</txt>
        </prop>
      </chc>
      <chc>
        <rule-repo>SourceMeter_csharp</rule-repo>
        <rule-key>PNSNMMN</rule-key>
        <prop>
          <key>offset</key>
          <val>45.0</val>
          <txt>mn</txt>
        </prop>
        <prop>
          <key>remediationFunction</key>
          <txt>constant_issue</txt>
        </prop>
      </chc>
      <chc>
        <rule-repo>SourceMeter_csharp</rule-repo>
        <rule-key>PNSNMGM</rule-key>
        <prop>
          <key>offset</key>
          <val>45.0</val>
          <txt>mn</txt>
        </prop>
        <prop>
          <key>remediationFunction</key>
          <txt>constant_issue</txt>
        </prop>
      </chc>
      <chc>
        <rule-repo>SourceMeter_csharp</rule-repo>
        <rule-key>POAM</rule-key>
        <prop>
          <key>offset</key>
          <val>3.0</val>
          <txt>h</txt>
        </prop>
        <prop>
          <key>remediationFunction</key>
          <txt>constant_issue</txt>
        </prop>
      </chc>
      <chc>
        <rule-repo>SourceMeter_csharp</rule-repo>
        <rule-key>SSC</rule-key>
        <prop>
          <key>offset</key>
          <val>45.0</val>
          <txt>mn</txt>
        </prop>
        <prop>
          <key>remediationFunction</key>
          <txt>constant_issue</txt>
        </prop>
      </chc>
      <chc>
        <rule-repo>SourceMeter_csharp</rule-repo>
        <rule-key>TSNECBT</rule-key>
        <prop>
          <key>offset</key>
          <val>45.0</val>
          <txt>mn</txt>
        </prop>
        <prop>
          <key>remediationFunction</key>
          <txt>constant_issue</txt>
        </prop>
      </chc>
      <chc>
        <rule-repo>SourceMeter_csharp</rule-repo>
        <rule-key>UEWA</rule-key>
        <prop>
          <key>offset</key>
          <val>1.0</val>
          <txt>d</txt>
        </prop>
        <prop>
          <key>remediationFunction</key>
          <txt>constant_issue</txt>
        </prop>
      </chc>
      <chc>
        <rule-repo>SourceMeter_csharp</rule-repo>
        <rule-key>UGWA</rule-key>
        <prop>
          <key>offset</key>
          <val>9.0</val>
          <txt>h</txt>
        </prop>
        <prop>
          <key>remediationFunction</key>
          <txt>constant_issue</txt>
        </prop>
      </chc>
      <chc>
        <rule-repo>SourceMeter_csharp</rule-repo>
        <rule-key>UIOSAFI</rule-key>
        <prop>
          <key>offset</key>
          <val>3.0</val>
          <txt>h</txt>
        </prop>
        <prop>
          <key>remediationFunction</key>
          <txt>constant_issue</txt>
        </prop>
      </chc>
      <chc>
        <rule-repo>SourceMeter_csharp</rule-repo>
        <rule-key>UPFVA</rule-key>
        <prop>
          <key>offset</key>
          <val>45.0</val>
          <txt>mn</txt>
        </prop>
        <prop>
          <key>remediationFunction</key>
          <txt>constant_issue</txt>
        </prop>
      </chc>
      <chc>
        <rule-repo>SourceMeter_csharp</rule-repo>
        <rule-key>UPWA</rule-key>
        <prop>
          <key>offset</key>
          <val>3.0</val>
          <txt>h</txt>
        </prop>
        <prop>
          <key>remediationFunction</key>
          <txt>constant_issue</txt>
        </prop>
      </chc>
      <chc>
        <rule-repo>SourceMeter_csharp</rule-repo>
        <rule-key>DNPTBR</rule-key>
        <prop>
          <key>offset</key>
          <val>3.0</val>
          <txt>h</txt>
        </prop>
        <prop>
          <key>remediationFunction</key>
          <txt>constant_issue</txt>
        </prop>
      </chc>
      <chc>
        <rule-repo>SourceMeter_csharp</rule-repo>
        <rule-key>DNPEVWTN</rule-key>
        <prop>
          <key>offset</key>
          <val>15.0</val>
          <txt>mn</txt>
        </prop>
        <prop>
          <key>remediationFunction</key>
          <txt>constant_issue</txt>
        </prop>
      </chc>
      <chc>
        <rule-repo>SourceMeter_csharp</rule-repo>
        <rule-key>ESBST</rule-key>
        <prop>
          <key>offset</key>
          <val>45.0</val>
          <txt>mn</txt>
        </prop>
        <prop>
          <key>remediationFunction</key>
          <txt>constant_issue</txt>
        </prop>
      </chc>
      <chc>
        <rule-repo>SourceMeter_csharp</rule-repo>
        <rule-key>MANSF</rule-key>
        <prop>
          <key>offset</key>
          <val>45.0</val>
          <txt>mn</txt>
        </prop>
        <prop>
          <key>remediationFunction</key>
          <txt>constant_issue</txt>
        </prop>
      </chc>
      <chc>
        <rule-repo>SourceMeter_csharp</rule-repo>
        <rule-key>RUP</rule-key>
        <prop>
          <key>offset</key>
          <val>3.0</val>
          <txt>h</txt>
        </prop>
        <prop>
          <key>remediationFunction</key>
          <txt>constant_issue</txt>
        </prop>
      </chc>
      <chc>
        <rule-repo>SourceMeter_csharp</rule-repo>
        <rule-key>GMSPTP</rule-key>
        <prop>
          <key>offset</key>
          <val>45.0</val>
          <txt>mn</txt>
        </prop>
        <prop>
          <key>remediationFunction</key>
          <txt>constant_issue</txt>
        </prop>
      </chc>
      <chc>
        <rule-repo>SourceMeter_csharp</rule-repo>
        <rule-key>DNDSMOGT</rule-key>
        <prop>
          <key>offset</key>
          <val>45.0</val>
          <txt>mn</txt>
        </prop>
        <prop>
          <key>remediationFunction</key>
          <txt>constant_issue</txt>
        </prop>
      </chc>
      <chc>
        <rule-repo>SourceMeter_csharp</rule-repo>
        <rule-key>DNDVMIST</rule-key>
        <prop>
          <key>offset</key>
          <val>45.0</val>
          <txt>mn</txt>
        </prop>
        <prop>
          <key>remediationFunction</key>
          <txt>constant_issue</txt>
        </prop>
      </chc>
      <chc>
        <rule-repo>SourceMeter_csharp</rule-repo>
        <rule-key>DNNGTIMS</rule-key>
        <prop>
          <key>offset</key>
          <val>9.0</val>
          <txt>h</txt>
        </prop>
        <prop>
          <key>remediationFunction</key>
          <txt>constant_issue</txt>
        </prop>
      </chc>
      <chc>
        <rule-repo>SourceMeter_csharp</rule-repo>
        <rule-key>FESHPN</rule-key>
        <prop>
          <key>offset</key>
          <val>45.0</val>
          <txt>mn</txt>
        </prop>
        <prop>
          <key>remediationFunction</key>
          <txt>constant_issue</txt>
        </prop>
      </chc>
      <chc>
        <rule-repo>SourceMeter_csharp</rule-repo>
        <rule-key>ISNBM</rule-key>
        <prop>
          <key>offset</key>
          <val>3.0</val>
          <txt>h</txt>
        </prop>
        <prop>
          <key>remediationFunction</key>
          <txt>constant_issue</txt>
        </prop>
      </chc>
      <chc>
        <rule-repo>SourceMeter_csharp</rule-repo>
        <rule-key>SHTSNHC</rule-key>
        <prop>
          <key>offset</key>
          <val>45.0</val>
          <txt>mn</txt>
        </prop>
        <prop>
          <key>remediationFunction</key>
          <txt>constant_issue</txt>
        </prop>
      </chc>
      <chc>
        <rule-repo>SourceMeter_csharp</rule-repo>
        <rule-key>ISHCS</rule-key>
        <prop>
          <key>offset</key>
          <val>15.0</val>
          <txt>mn</txt>
        </prop>
        <prop>
          <key>remediationFunction</key>
          <txt>constant_issue</txt>
        </prop>
      </chc>
      <chc>
        <rule-repo>SourceMeter_csharp</rule-repo>
        <rule-key>NSTU</rule-key>
        <prop>
          <key>offset</key>
          <val>15.0</val>
          <txt>mn</txt>
        </prop>
        <prop>
          <key>remediationFunction</key>
          <txt>constant_issue</txt>
        </prop>
      </chc>
    </chc>
  </chc>
  <chc>
    <key>SECURITY</key>
    <name>Security</name>
    <chc>
      <key>API_ABUSE</key>
      <name>API abuse</name>
      <chc>
        <rule-repo>SourceMeter_csharp</rule-repo>
        <rule-key>AMSOCAM</rule-key>
        <prop>
          <key>offset</key>
          <val>15.0</val>
          <txt>mn</txt>
        </prop>
        <prop>
          <key>remediationFunction</key>
          <txt>constant_issue</txt>
        </prop>
      </chc>
      <chc>
        <rule-repo>SourceMeter_csharp</rule-repo>
        <rule-key>FSBP</rule-key>
        <prop>
          <key>offset</key>
          <val>45.0</val>
          <txt>mn</txt>
        </prop>
        <prop>
          <key>remediationFunction</key>
          <txt>constant_issue</txt>
        </prop>
      </chc>
      <chc>
        <rule-repo>SourceMeter_csharp</rule-repo>
        <rule-key>ATSOEABT</rule-key>
        <prop>
          <key>offset</key>
          <val>45.0</val>
          <txt>mn</txt>
        </prop>
        <prop>
          <key>remediationFunction</key>
          <txt>constant_issue</txt>
        </prop>
      </chc>
      <chc>
        <rule-repo>SourceMeter_csharp</rule-repo>
        <rule-key>AFSNBRO</rule-key>
        <prop>
          <key>offset</key>
          <val>45.0</val>
          <txt>mn</txt>
        </prop>
        <prop>
          <key>remediationFunction</key>
          <txt>constant_issue</txt>
        </prop>
      </chc>
      <chc>
        <rule-repo>SourceMeter_csharp</rule-repo>
        <rule-key>DCMHCT</rule-key>
        <prop>
          <key>offset</key>
          <val>3.0</val>
          <txt>h</txt>
        </prop>
        <prop>
          <key>remediationFunction</key>
          <txt>constant_issue</txt>
        </prop>
      </chc>
      <chc>
        <rule-repo>SourceMeter_csharp</rule-repo>
        <rule-key>DNDROMRT</rule-key>
        <prop>
          <key>offset</key>
          <val>3.0</val>
          <txt>h</txt>
        </prop>
        <prop>
          <key>remediationFunction</key>
          <txt>constant_issue</txt>
        </prop>
      </chc>
      <chc>
        <rule-repo>SourceMeter_csharp</rule-repo>
        <rule-key>DMBWCT</rule-key>
        <prop>
          <key>offset</key>
          <val>45.0</val>
          <txt>mn</txt>
        </prop>
        <prop>
          <key>remediationFunction</key>
          <txt>constant_issue</txt>
        </prop>
      </chc>
      <chc>
        <rule-repo>SourceMeter_csharp</rule-repo>
        <rule-key>TMMNCNC</rule-key>
        <prop>
          <key>offset</key>
          <val>45.0</val>
          <txt>mn</txt>
        </prop>
        <prop>
          <key>remediationFunction</key>
          <txt>constant_issue</txt>
        </prop>
      </chc>
      <chc>
        <rule-repo>SourceMeter_csharp</rule-repo>
        <rule-key>TMSND</rule-key>
        <prop>
          <key>offset</key>
          <val>15.0</val>
          <txt>mn</txt>
        </prop>
        <prop>
          <key>remediationFunction</key>
          <txt>constant_issue</txt>
        </prop>
      </chc>
      <chc>
        <rule-repo>SourceMeter_csharp</rule-repo>
        <rule-key>TMMNCSUCSM</rule-key>
        <prop>
          <key>offset</key>
          <val>45.0</val>
          <txt>mn</txt>
        </prop>
        <prop>
          <key>remediationFunction</key>
          <txt>constant_issue</txt>
        </prop>
      </chc>
      <chc>
        <rule-repo>SourceMeter_csharp</rule-repo>
        <rule-key>TMSNLAFBA</rule-key>
        <prop>
          <key>offset</key>
          <val>45.0</val>
          <txt>mn</txt>
        </prop>
        <prop>
          <key>remediationFunction</key>
          <txt>constant_issue</txt>
        </prop>
      </chc>
      <chc>
        <rule-repo>SourceMeter_csharp</rule-repo>
        <rule-key>TMSNBPWLD</rule-key>
        <prop>
          <key>offset</key>
          <val>3.0</val>
          <txt>h</txt>
        </prop>
        <prop>
          <key>remediationFunction</key>
          <txt>constant_issue</txt>
        </prop>
      </chc>
      <chc>
        <rule-repo>SourceMeter_csharp</rule-repo>
        <rule-key>CSBT</rule-key>
        <prop>
          <key>offset</key>
          <val>45.0</val>
          <txt>mn</txt>
        </prop>
        <prop>
          <key>remediationFunction</key>
          <txt>constant_issue</txt>
        </prop>
      </chc>
      <chc>
        <rule-repo>SourceMeter_csharp</rule-repo>
        <rule-key>DNIEMWLD</rule-key>
        <prop>
          <key>offset</key>
          <val>9.0</val>
          <txt>h</txt>
        </prop>
        <prop>
          <key>remediationFunction</key>
          <txt>constant_issue</txt>
        </prop>
      </chc>
      <chc>
        <rule-repo>SourceMeter_csharp</rule-repo>
        <rule-key>TASNC</rule-key>
        <prop>
          <key>offset</key>
          <val>3.0</val>
          <txt>h</txt>
        </prop>
        <prop>
          <key>remediationFunction</key>
          <txt>constant_issue</txt>
        </prop>
      </chc>
      <chc>
        <rule-repo>SourceMeter_csharp</rule-repo>
        <rule-key>SMTSPI</rule-key>
        <prop>
          <key>offset</key>
          <val>3.0</val>
          <txt>h</txt>
        </prop>
        <prop>
          <key>remediationFunction</key>
          <txt>constant_issue</txt>
        </prop>
      </chc>
      <chc>
        <rule-repo>SourceMeter_csharp</rule-repo>
        <rule-key>MVHWVAT</rule-key>
        <prop>
          <key>offset</key>
          <val>45.0</val>
          <txt>mn</txt>
        </prop>
        <prop>
          <key>remediationFunction</key>
          <txt>constant_issue</txt>
        </prop>
      </chc>
      <chc>
        <rule-repo>SourceMeter_csharp</rule-repo>
        <rule-key>SRSLSNBPWLD</rule-key>
        <prop>
          <key>offset</key>
          <val>15.0</val>
          <txt>mn</txt>
        </prop>
        <prop>
          <key>remediationFunction</key>
          <txt>constant_issue</txt>
        </prop>
      </chc>
      <chc>
        <rule-repo>SourceMeter_csharp</rule-repo>
        <rule-key>TMMNSLD</rule-key>
        <prop>
          <key>offset</key>
          <val>15.0</val>
          <txt>mn</txt>
        </prop>
        <prop>
          <key>remediationFunction</key>
          <txt>constant_issue</txt>
        </prop>
      </chc>
      <chc>
        <rule-repo>SourceMeter_csharp</rule-repo>
        <rule-key>TLDRID</rule-key>
        <prop>
          <key>offset</key>
          <val>45.0</val>
          <txt>mn</txt>
        </prop>
        <prop>
          <key>remediationFunction</key>
          <txt>constant_issue</txt>
        </prop>
      </chc>
      <chc>
        <rule-repo>SourceMeter_csharp</rule-repo>
        <rule-key>PSNBWO</rule-key>
        <prop>
          <key>offset</key>
          <val>45.0</val>
          <txt>mn</txt>
        </prop>
        <prop>
          <key>remediationFunction</key>
          <txt>constant_issue</txt>
        </prop>
      </chc>
      <chc>
        <rule-repo>SourceMeter_csharp</rule-repo>
        <rule-key>SUOCSUO</rule-key>
        <prop>
          <key>offset</key>
          <val>45.0</val>
          <txt>mn</txt>
        </prop>
        <prop>
          <key>remediationFunction</key>
          <txt>constant_issue</txt>
        </prop>
      </chc>
      <chc>
        <rule-repo>SourceMeter_csharp</rule-repo>
        <rule-key>PSUOIOS</rule-key>
        <prop>
          <key>offset</key>
          <val>45.0</val>
          <txt>mn</txt>
        </prop>
        <prop>
          <key>remediationFunction</key>
          <txt>constant_issue</txt>
        </prop>
      </chc>
      <chc>
        <rule-repo>SourceMeter_csharp</rule-repo>
        <rule-key>FASNCFAC</rule-key>
        <prop>
          <key>offset</key>
          <val>15.0</val>
          <txt>mn</txt>
        </prop>
        <prop>
          <key>remediationFunction</key>
          <txt>constant_issue</txt>
        </prop>
      </chc>
      <chc>
        <rule-repo>SourceMeter_csharp</rule-repo>
        <rule-key>MMOWCT</rule-key>
        <prop>
          <key>offset</key>
          <val>45.0</val>
          <txt>mn</txt>
        </prop>
        <prop>
          <key>remediationFunction</key>
          <txt>constant_issue</txt>
        </prop>
      </chc>
      <chc>
        <rule-repo>SourceMeter_csharp</rule-repo>
        <rule-key>WVFCIOT</rule-key>
        <prop>
          <key>offset</key>
          <val>3.0</val>
          <txt>h</txt>
        </prop>
        <prop>
          <key>remediationFunction</key>
          <txt>constant_issue</txt>
        </prop>
      </chc>
      <chc>
        <rule-repo>SourceMeter_csharp</rule-repo>
        <rule-key>RDSOVT</rule-key>
        <prop>
          <key>offset</key>
          <val>9.0</val>
          <txt>h</txt>
        </prop>
        <prop>
          <key>remediationFunction</key>
          <txt>constant_issue</txt>
        </prop>
      </chc>
      <chc>
        <rule-repo>SourceMeter_csharp</rule-repo>
        <rule-key>RSUCSU</rule-key>
        <prop>
          <key>offset</key>
          <val>9.0</val>
          <txt>h</txt>
        </prop>
        <prop>
          <key>remediationFunction</key>
          <txt>constant_issue</txt>
        </prop>
      </chc>
      <chc>
        <rule-repo>SourceMeter_csharp</rule-repo>
        <rule-key>RVEH</rule-key>
        <prop>
          <key>offset</key>
          <val>9.0</val>
          <txt>h</txt>
        </prop>
        <prop>
          <key>remediationFunction</key>
          <txt>constant_issue</txt>
        </prop>
      </chc>
      <chc>
        <rule-repo>SourceMeter_csharp</rule-repo>
        <rule-key>SMFSA</rule-key>
        <prop>
          <key>offset</key>
          <val>3.0</val>
          <txt>h</txt>
        </prop>
        <prop>
          <key>remediationFunction</key>
          <txt>constant_issue</txt>
        </prop>
      </chc>
      <chc>
        <rule-repo>SourceMeter_csharp</rule-repo>
        <rule-key>MAWCV</rule-key>
        <prop>
          <key>offset</key>
          <val>3.0</val>
          <txt>h</txt>
        </prop>
        <prop>
          <key>remediationFunction</key>
          <txt>constant_issue</txt>
        </prop>
      </chc>
    </chc>
    <chc>
      <key>ERRORS</key>
      <name>Errors</name>
      <chc>
        <rule-repo>SourceMeter_csharp</rule-repo>
        <rule-key>CEPSBS</rule-key>
        <prop>
          <key>offset</key>
          <val>15.0</val>
          <txt>mn</txt>
        </prop>
        <prop>
          <key>remediationFunction</key>
          <txt>constant_issue</txt>
        </prop>
      </chc>
      <chc>
        <rule-repo>SourceMeter_csharp</rule-repo>
        <rule-key>CEMSBO</rule-key>
        <prop>
          <key>offset</key>
          <val>15.0</val>
          <txt>mn</txt>
        </prop>
        <prop>
          <key>remediationFunction</key>
          <txt>constant_issue</txt>
        </prop>
      </chc>
      <chc>
        <rule-repo>SourceMeter_csharp</rule-repo>
        <rule-key>DCMBD</rule-key>
        <prop>
          <key>offset</key>
          <val>15.0</val>
          <txt>mn</txt>
        </prop>
        <prop>
          <key>remediationFunction</key>
          <txt>constant_issue</txt>
        </prop>
      </chc>
      <chc>
        <rule-repo>SourceMeter_csharp</rule-repo>
        <rule-key>TSBD</rule-key>
        <prop>
          <key>offset</key>
          <val>15.0</val>
          <txt>mn</txt>
        </prop>
        <prop>
          <key>remediationFunction</key>
          <txt>constant_issue</txt>
        </prop>
      </chc>
      <chc>
        <rule-repo>SourceMeter_csharp</rule-repo>
        <rule-key>CNCCEIGH</rule-key>
        <prop>
          <key>offset</key>
          <val>9.0</val>
          <txt>h</txt>
        </prop>
        <prop>
          <key>remediationFunction</key>
          <txt>constant_issue</txt>
        </prop>
      </chc>
    </chc>
    <chc>
      <key>INPUT_VALIDATION_AND_REPRESENTATION</key>
      <name>Input validation and representation</name>
      <chc>
        <rule-repo>SourceMeter_csharp</rule-repo>
        <rule-key>CASVI</rule-key>
        <prop>
          <key>offset</key>
          <val>45.0</val>
          <txt>mn</txt>
        </prop>
        <prop>
          <key>remediationFunction</key>
          <txt>constant_issue</txt>
        </prop>
      </chc>
      <chc>
        <rule-repo>SourceMeter_csharp</rule-repo>
        <rule-key>CAWUNR</rule-key>
        <prop>
          <key>offset</key>
          <val>3.0</val>
          <txt>h</txt>
        </prop>
        <prop>
          <key>remediationFunction</key>
          <txt>constant_issue</txt>
        </prop>
      </chc>
      <chc>
        <rule-repo>SourceMeter_csharp</rule-repo>
        <rule-key>UPSNBS</rule-key>
        <prop>
          <key>offset</key>
          <val>45.0</val>
          <txt>mn</txt>
        </prop>
        <prop>
          <key>remediationFunction</key>
          <txt>constant_issue</txt>
        </prop>
      </chc>
      <chc>
        <rule-repo>SourceMeter_csharp</rule-repo>
        <rule-key>UPSNBS</rule-key>
        <prop>
          <key>offset</key>
          <val>45.0</val>
          <txt>mn</txt>
        </prop>
        <prop>
          <key>remediationFunction</key>
          <txt>constant_issue</txt>
        </prop>
      </chc>
      <chc>
        <rule-repo>SourceMeter_csharp</rule-repo>
        <rule-key>URVSNBS</rule-key>
        <prop>
          <key>offset</key>
          <val>45.0</val>
          <txt>mn</txt>
        </prop>
        <prop>
          <key>remediationFunction</key>
          <txt>constant_issue</txt>
        </prop>
      </chc>
      <chc>
        <rule-repo>SourceMeter_csharp</rule-repo>
        <rule-key>TMBALACABT</rule-key>
        <prop>
          <key>offset</key>
          <val>45.0</val>
          <txt>mn</txt>
        </prop>
        <prop>
          <key>remediationFunction</key>
          <txt>constant_issue</txt>
        </prop>
      </chc>
      <chc>
        <rule-repo>SourceMeter_csharp</rule-repo>
        <rule-key>TMSNUSUCS</rule-key>
        <prop>
          <key>offset</key>
          <val>15.0</val>
          <txt>mn</txt>
        </prop>
        <prop>
          <key>remediationFunction</key>
          <txt>constant_issue</txt>
        </prop>
      </chc>
      <chc>
        <rule-repo>SourceMeter_csharp</rule-repo>
        <rule-key>TMMBV</rule-key>
        <prop>
          <key>offset</key>
          <val>45.0</val>
          <txt>mn</txt>
        </prop>
        <prop>
          <key>remediationFunction</key>
          <txt>constant_issue</txt>
        </prop>
      </chc>
      <chc>
        <rule-repo>SourceMeter_csharp</rule-repo>
        <rule-key>TMMNRCC</rule-key>
        <prop>
          <key>offset</key>
          <val>45.0</val>
          <txt>mn</txt>
        </prop>
        <prop>
          <key>remediationFunction</key>
          <txt>constant_issue</txt>
        </prop>
      </chc>
      <chc>
        <rule-repo>SourceMeter_csharp</rule-repo>
        <rule-key>SA</rule-key>
        <prop>
          <key>offset</key>
          <val>45.0</val>
          <txt>mn</txt>
        </prop>
        <prop>
          <key>remediationFunction</key>
          <txt>constant_issue</txt>
        </prop>
      </chc>
      <chc>
        <rule-repo>SourceMeter_csharp</rule-repo>
        <rule-key>SSC</rule-key>
        <prop>
          <key>offset</key>
          <val>3.0</val>
          <txt>h</txt>
        </prop>
        <prop>
          <key>remediationFunction</key>
          <txt>constant_issue</txt>
        </prop>
      </chc>
      <chc>
        <rule-repo>SourceMeter_csharp</rule-repo>
        <rule-key>STSNEF</rule-key>
        <prop>
          <key>offset</key>
          <val>9.0</val>
          <txt>h</txt>
        </prop>
        <prop>
          <key>remediationFunction</key>
          <txt>constant_issue</txt>
        </prop>
      </chc>
      <chc>
        <rule-repo>SourceMeter_csharp</rule-repo>
        <rule-key>SCSBP</rule-key>
        <prop>
          <key>offset</key>
          <val>3.0</val>
          <txt>h</txt>
        </prop>
        <prop>
          <key>remediationFunction</key>
          <txt>constant_issue</txt>
        </prop>
      </chc>
      <chc>
        <rule-repo>SourceMeter_csharp</rule-repo>
        <rule-key>PSNBV</rule-key>
        <prop>
          <key>offset</key>
          <val>45.0</val>
          <txt>mn</txt>
        </prop>
        <prop>
          <key>remediationFunction</key>
          <txt>constant_issue</txt>
        </prop>
      </chc>
      <chc>
        <rule-repo>SourceMeter_csharp</rule-repo>
        <rule-key>EEVSBT</rule-key>
        <prop>
          <key>offset</key>
          <val>15.0</val>
          <txt>mn</txt>
        </prop>
        <prop>
          <key>remediationFunction</key>
          <txt>constant_issue</txt>
        </prop>
      </chc>
      <chc>
        <rule-repo>SourceMeter_csharp</rule-repo>
        <rule-key>VRSBE</rule-key>
        <prop>
          <key>offset</key>
          <val>15.0</val>
          <txt>mn</txt>
        </prop>
        <prop>
          <key>remediationFunction</key>
          <txt>constant_issue</txt>
        </prop>
      </chc>
      <chc>
        <rule-repo>SourceMeter_csharp</rule-repo>
        <rule-key>PSNBV</rule-key>
        <prop>
          <key>offset</key>
          <val>45.0</val>
          <txt>mn</txt>
        </prop>
        <prop>
          <key>remediationFunction</key>
          <txt>constant_issue</txt>
        </prop>
      </chc>
      <chc>
        <rule-repo>SourceMeter_csharp</rule-repo>
        <rule-key>OLDSBITB</rule-key>
        <prop>
          <key>offset</key>
          <val>3.0</val>
          <txt>h</txt>
        </prop>
        <prop>
          <key>remediationFunction</key>
          <txt>constant_issue</txt>
        </prop>
      </chc>
      <chc>
        <rule-repo>SourceMeter_csharp</rule-repo>
        <rule-key>TCMNUCA</rule-key>
        <prop>
          <key>offset</key>
          <val>3.0</val>
          <txt>h</txt>
        </prop>
        <prop>
          <key>remediationFunction</key>
          <txt>constant_issue</txt>
        </prop>
      </chc>
    </chc>
    <chc>
      <key>SECURITY_FEATURES</key>
      <name>Security features</name>
      <chc>
        <rule-repo>SourceMeter_csharp</rule-repo>
        <rule-key>AAIE</rule-key>
        <prop>
          <key>remediationFunction</key>
          <txt>constant_issue</txt>
        </prop>
        <prop>
          <key>offset</key>
          <val>45.0</val>
          <txt>mn</txt>
        </prop>
      </chc>
      <chc>
        <rule-repo>SourceMeter_csharp</rule-repo>
        <rule-key>TMMNUSA</rule-key>
        <prop>
          <key>offset</key>
          <val>45.0</val>
          <txt>mn</txt>
        </prop>
        <prop>
          <key>remediationFunction</key>
          <txt>constant_issue</txt>
        </prop>
      </chc>
      <chc>
        <rule-repo>SourceMeter_csharp</rule-repo>
        <rule-key>RIS</rule-key>
        <prop>
          <key>offset</key>
          <val>3.0</val>
          <txt>h</txt>
        </prop>
        <prop>
          <key>remediationFunction</key>
          <txt>constant_issue</txt>
        </prop>
      </chc>
      <chc>
        <rule-repo>SourceMeter_csharp</rule-repo>
        <rule-key>TMMNHPCE</rule-key>
        <prop>
          <key>offset</key>
          <val>45.0</val>
          <txt>mn</txt>
        </prop>
        <prop>
          <key>remediationFunction</key>
          <txt>constant_issue</txt>
        </prop>
      </chc>
      <chc>
        <rule-repo>SourceMeter_csharp</rule-repo>
        <rule-key>RDAPOU</rule-key>
        <prop>
          <key>offset</key>
          <val>9.0</val>
          <txt>h</txt>
        </prop>
        <prop>
          <key>remediationFunction</key>
          <txt>constant_issue</txt>
        </prop>
      </chc>
      <chc>
        <rule-repo>SourceMeter_csharp</rule-repo>
        <rule-key>RMCPSBA</rule-key>
        <prop>
          <key>offset</key>
          <val>15.0</val>
          <txt>mn</txt>
        </prop>
        <prop>
          <key>remediationFunction</key>
          <txt>constant_issue</txt>
        </prop>
      </chc>
      <chc>
        <rule-repo>SourceMeter_csharp</rule-repo>
        <rule-key>RMCRBT</rule-key>
        <prop>
          <key>offset</key>
          <val>15.0</val>
          <txt>mn</txt>
        </prop>
        <prop>
          <key>remediationFunction</key>
          <txt>constant_issue</txt>
        </prop>
      </chc>
      <chc>
        <rule-repo>SourceMeter_csharp</rule-repo>
        <rule-key>RMCSESBF</rule-key>
        <prop>
          <key>offset</key>
          <val>15.0</val>
          <txt>mn</txt>
        </prop>
        <prop>
          <key>remediationFunction</key>
          <txt>constant_issue</txt>
        </prop>
      </chc>
      <chc>
        <rule-repo>SourceMeter_csharp</rule-repo>
        <rule-key>CTMNPITE</rule-key>
        <prop>
          <key>offset</key>
          <val>45.0</val>
          <txt>mn</txt>
        </prop>
        <prop>
          <key>remediationFunction</key>
          <txt>constant_issue</txt>
        </prop>
      </chc>
      <chc>
        <rule-repo>SourceMeter_csharp</rule-repo>
        <rule-key>ECARSBT</rule-key>
        <prop>
          <key>offset</key>
          <val>15.0</val>
          <txt>mn</txt>
        </prop>
        <prop>
          <key>remediationFunction</key>
          <txt>constant_issue</txt>
        </prop>
      </chc>
      <chc>
        <rule-repo>SourceMeter_csharp</rule-repo>
        <rule-key>EVSMSBT</rule-key>
        <prop>
          <key>offset</key>
          <val>15.0</val>
          <txt>mn</txt>
        </prop>
        <prop>
          <key>remediationFunction</key>
          <txt>constant_issue</txt>
        </prop>
      </chc>
      <chc>
        <rule-repo>SourceMeter_csharp</rule-repo>
        <rule-key>EVSSBT</rule-key>
        <prop>
          <key>offset</key>
          <val>15.0</val>
          <txt>mn</txt>
        </prop>
        <prop>
          <key>remediationFunction</key>
          <txt>constant_issue</txt>
        </prop>
      </chc>
      <chc>
        <rule-repo>SourceMeter_csharp</rule-repo>
        <rule-key>FAPSBA</rule-key>
        <prop>
          <key>offset</key>
          <val>15.0</val>
          <txt>mn</txt>
        </prop>
        <prop>
          <key>remediationFunction</key>
          <txt>constant_issue</txt>
        </prop>
      </chc>
      <chc>
        <rule-repo>SourceMeter_csharp</rule-repo>
        <rule-key>FARBT</rule-key>
        <prop>
          <key>offset</key>
          <val>15.0</val>
          <txt>mn</txt>
        </prop>
        <prop>
          <key>remediationFunction</key>
          <txt>constant_issue</txt>
        </prop>
      </chc>
      <chc>
        <rule-repo>SourceMeter_csharp</rule-repo>
        <rule-key>FASESBF</rule-key>
        <prop>
          <key>offset</key>
          <val>15.0</val>
          <txt>mn</txt>
        </prop>
        <prop>
          <key>remediationFunction</key>
          <txt>constant_issue</txt>
        </prop>
      </chc>
      <chc>
        <rule-repo>SourceMeter_csharp</rule-repo>
        <rule-key>HCHOCSBT</rule-key>
        <prop>
          <key>offset</key>
          <val>15.0</val>
          <txt>mn</txt>
        </prop>
        <prop>
          <key>remediationFunction</key>
          <txt>constant_issue</txt>
        </prop>
      </chc>
      <chc>
        <rule-repo>SourceMeter_csharp</rule-repo>
        <rule-key>HCRBT</rule-key>
        <prop>
          <key>offset</key>
          <val>15.0</val>
          <txt>mn</txt>
        </prop>
        <prop>
          <key>remediationFunction</key>
          <txt>constant_issue</txt>
        </prop>
      </chc>
      <chc>
        <rule-repo>SourceMeter_csharp</rule-repo>
        <rule-key>HREHCSBT</rule-key>
        <prop>
          <key>offset</key>
          <val>15.0</val>
          <txt>mn</txt>
        </prop>
        <prop>
          <key>remediationFunction</key>
          <txt>constant_issue</txt>
        </prop>
      </chc>
      <chc>
        <rule-repo>SourceMeter_csharp</rule-repo>
        <rule-key>MSSBOT</rule-key>
        <prop>
          <key>offset</key>
          <val>9.0</val>
          <txt>h</txt>
        </prop>
        <prop>
          <key>remediationFunction</key>
          <txt>constant_issue</txt>
        </prop>
      </chc>
      <chc>
        <rule-repo>SourceMeter_csharp</rule-repo>
        <rule-key>VSEMSBA</rule-key>
        <prop>
          <key>offset</key>
          <val>15.0</val>
          <txt>mn</txt>
        </prop>
        <prop>
          <key>remediationFunction</key>
          <txt>constant_issue</txt>
        </prop>
      </chc>
      <chc>
        <rule-repo>SourceMeter_csharp</rule-repo>
        <rule-key>VSUKSBS</rule-key>
        <prop>
          <key>offset</key>
          <val>45.0</val>
          <txt>mn</txt>
        </prop>
        <prop>
          <key>remediationFunction</key>
          <txt>constant_issue</txt>
        </prop>
      </chc>
      <chc>
        <rule-repo>SourceMeter_csharp</rule-repo>
        <rule-key>PEEVMBT</rule-key>
        <prop>
          <key>offset</key>
          <val>15.0</val>
          <txt>mn</txt>
        </prop>
        <prop>
          <key>remediationFunction</key>
          <txt>constant_issue</txt>
        </prop>
      </chc>
      <chc>
        <rule-repo>SourceMeter_csharp</rule-repo>
        <rule-key>PEVSMSBT</rule-key>
        <prop>
          <key>offset</key>
          <val>15.0</val>
          <txt>mn</txt>
        </prop>
        <prop>
          <key>remediationFunction</key>
          <txt>constant_issue</txt>
        </prop>
      </chc>
      <chc>
        <rule-repo>SourceMeter_csharp</rule-repo>
        <rule-key>PVRSBE</rule-key>
        <prop>
          <key>offset</key>
          <val>15.0</val>
          <txt>mn</txt>
        </prop>
        <prop>
          <key>remediationFunction</key>
          <txt>constant_issue</txt>
        </prop>
      </chc>
      <chc>
        <rule-repo>SourceMeter_csharp</rule-repo>
        <rule-key>PVSEMSBA</rule-key>
        <prop>
          <key>offset</key>
          <val>15.0</val>
          <txt>mn</txt>
        </prop>
        <prop>
          <key>remediationFunction</key>
          <txt>constant_issue</txt>
        </prop>
      </chc>
    </chc>
  </chc>
  <chc>
    <key>EFFICIENCY</key>
    <name>Efficiency</name>
    <chc>
      <key>MEMORY_EFFICIENCY</key>
      <name>Memory use</name>
      <chc>
        <rule-repo>SourceMeter_csharp</rule-repo>
        <rule-key>DFSBD</rule-key>
        <prop>
          <key>offset</key>
          <val>45.0</val>
          <txt>mn</txt>
        </prop>
        <prop>
          <key>remediationFunction</key>
          <txt>constant_issue</txt>
        </prop>
      </chc>
      <chc>
        <rule-repo>SourceMeter_csharp</rule-repo>
        <rule-key>DTSDF</rule-key>
        <prop>
          <key>offset</key>
          <val>45.0</val>
          <txt>mn</txt>
        </prop>
        <prop>
          <key>remediationFunction</key>
          <txt>constant_issue</txt>
        </prop>
      </chc>
      <chc>
        <rule-repo>SourceMeter_csharp</rule-repo>
        <rule-key>AUIC</rule-key>
        <prop>
          <key>offset</key>
          <val>3.0</val>
          <txt>h</txt>
        </prop>
        <prop>
          <key>remediationFunction</key>
          <txt>constant_issue</txt>
        </prop>
      </chc>
      <chc>
        <rule-repo>SourceMeter_csharp</rule-repo>
        <rule-key>PJAOM</rule-key>
        <prop>
          <key>offset</key>
          <val>45.0</val>
          <txt>mn</txt>
        </prop>
        <prop>
          <key>remediationFunction</key>
          <txt>constant_issue</txt>
        </prop>
      </chc>
      <chc>
        <rule-repo>SourceMeter_csharp</rule-repo>
        <rule-key>LAST</rule-key>
        <prop>
          <key>offset</key>
          <val>9.0</val>
          <txt>h</txt>
        </prop>
        <prop>
          <key>remediationFunction</key>
          <txt>constant_issue</txt>
        </prop>
      </chc>
    </chc>
    <chc>
      <key>CPU_EFFICIENCY</key>
      <name>Processor use</name>
      <chc>
        <rule-repo>SourceMeter_csharp</rule-repo>
        <rule-key>TFESUSL</rule-key>
        <prop>
          <key>offset</key>
          <val>45.0</val>
          <txt>mn</txt>
        </prop>
        <prop>
          <key>remediationFunction</key>
          <txt>constant_issue</txt>
        </prop>
      </chc>
      <chc>
        <rule-repo>SourceMeter_csharp</rule-repo>
        <rule-key>DNCU</rule-key>
        <prop>
          <key>offset</key>
          <val>45.0</val>
          <txt>mn</txt>
        </prop>
        <prop>
          <key>remediationFunction</key>
          <txt>constant_issue</txt>
        </prop>
      </chc>
      <chc>
        <rule-repo>SourceMeter_csharp</rule-repo>
        <rule-key>DNUIPP</rule-key>
        <prop>
          <key>offset</key>
          <val>45.0</val>
          <txt>mn</txt>
        </prop>
        <prop>
          <key>remediationFunction</key>
          <txt>constant_issue</txt>
        </prop>
      </chc>
      <chc>
        <rule-repo>SourceMeter_csharp</rule-repo>
        <rule-key>AUA</rule-key>
        <prop>
          <key>offset</key>
          <val>45.0</val>
          <txt>mn</txt>
        </prop>
        <prop>
          <key>remediationFunction</key>
          <txt>constant_issue</txt>
        </prop>
      </chc>
      <chc>
        <rule-repo>SourceMeter_csharp</rule-repo>
        <rule-key>CFC</rule-key>
        <prop>
          <key>offset</key>
          <val>45.0</val>
          <txt>mn</txt>
        </prop>
        <prop>
          <key>remediationFunction</key>
          <txt>constant_issue</txt>
        </prop>
      </chc>
      <chc>
        <rule-repo>SourceMeter_csharp</rule-repo>
        <rule-key>PSNRA</rule-key>
        <prop>
          <key>offset</key>
          <val>3.0</val>
          <txt>h</txt>
        </prop>
        <prop>
          <key>remediationFunction</key>
          <txt>constant_issue</txt>
        </prop>
      </chc>
      <chc>
        <rule-repo>SourceMeter_csharp</rule-repo>
        <rule-key>ULWA</rule-key>
        <prop>
          <key>offset</key>
          <val>45.0</val>
          <txt>mn</txt>
        </prop>
        <prop>
          <key>remediationFunction</key>
          <txt>constant_issue</txt>
        </prop>
      </chc>
      <chc>
        <rule-repo>SourceMeter_csharp</rule-repo>
        <rule-key>IRTSFI</rule-key>
        <prop>
          <key>offset</key>
          <val>45.0</val>
          <txt>mn</txt>
        </prop>
        <prop>
          <key>remediationFunction</key>
          <txt>constant_issue</txt>
        </prop>
      </chc>
      <chc>
        <rule-repo>SourceMeter_csharp</rule-repo>
        <rule-key>MAWNRL</rule-key>
        <prop>
          <key>offset</key>
          <val>3.0</val>
          <txt>h</txt>
        </prop>
        <prop>
          <key>remediationFunction</key>
          <txt>constant_issue</txt>
        </prop>
      </chc>
      <chc>
        <rule-repo>SourceMeter_csharp</rule-repo>
        <rule-key>MMAS</rule-key>
        <prop>
          <key>offset</key>
          <val>45.0</val>
          <txt>mn</txt>
        </prop>
        <prop>
          <key>remediationFunction</key>
          <txt>constant_issue</txt>
        </prop>
      </chc>
      <chc>
        <rule-repo>SourceMeter_csharp</rule-repo>
        <rule-key>OEAOEOVT</rule-key>
        <prop>
          <key>offset</key>
          <val>3.0</val>
          <txt>h</txt>
        </prop>
        <prop>
          <key>remediationFunction</key>
          <txt>constant_issue</txt>
        </prop>
      </chc>
    </chc>
  </chc>
  <chc>
    <key>RELIABILITY</key>
    <name>Reliability</name>
    <chc>
      <key>ARCHITECTURE_RELIABILITY</key>
      <name>Architecture related reliability</name>
      <chc>
        <rule-repo>SourceMeter_csharp</rule-repo>
        <rule-key>DNCOMIC</rule-key>
        <prop>
          <key>offset</key>
          <val>9.0</val>
          <txt>h</txt>
        </prop>
        <prop>
          <key>remediationFunction</key>
          <txt>constant_issue</txt>
        </prop>
      </chc>
      <chc>
        <rule-repo>SourceMeter_csharp</rule-repo>
        <rule-key>ASMICVT</rule-key>
        <prop>
          <key>offset</key>
          <val>9.0</val>
          <txt>h</txt>
        </prop>
        <prop>
          <key>remediationFunction</key>
          <txt>constant_issue</txt>
        </prop>
      </chc>
      <chc>
        <rule-repo>SourceMeter_csharp</rule-repo>
        <rule-key>CPSBRO</rule-key>
        <prop>
          <key>offset</key>
          <val>3.0</val>
          <txt>h</txt>
        </prop>
        <prop>
          <key>remediationFunction</key>
          <txt>constant_issue</txt>
        </prop>
      </chc>
      <chc>
        <rule-repo>SourceMeter_csharp</rule-repo>
        <rule-key>DNDIMV</rule-key>
        <prop>
          <key>offset</key>
          <val>45.0</val>
          <txt>mn</txt>
        </prop>
        <prop>
          <key>remediationFunction</key>
          <txt>constant_issue</txt>
        </prop>
      </chc>
      <chc>
        <rule-repo>SourceMeter_csharp</rule-repo>
        <rule-key>DNEGL</rule-key>
        <prop>
          <key>offset</key>
          <val>3.0</val>
          <txt>h</txt>
        </prop>
        <prop>
          <key>remediationFunction</key>
          <txt>constant_issue</txt>
        </prop>
      </chc>
      <chc>
        <rule-repo>SourceMeter_csharp</rule-repo>
        <rule-key>DNOOEORT</rule-key>
        <prop>
          <key>offset</key>
          <val>45.0</val>
          <txt>mn</txt>
        </prop>
        <prop>
          <key>remediationFunction</key>
          <txt>constant_issue</txt>
        </prop>
      </chc>
      <chc>
        <rule-repo>SourceMeter_csharp</rule-repo>
        <rule-key>FSCBCF</rule-key>
        <prop>
          <key>offset</key>
          <val>3.0</val>
          <txt>h</txt>
        </prop>
        <prop>
          <key>remediationFunction</key>
          <txt>constant_issue</txt>
        </prop>
      </chc>
      <chc>
        <rule-repo>SourceMeter_csharp</rule-repo>
        <rule-key>DNMEWF</rule-key>
        <prop>
          <key>offset</key>
          <val>45.0</val>
          <txt>mn</txt>
        </prop>
        <prop>
          <key>remediationFunction</key>
          <txt>constant_issue</txt>
        </prop>
      </chc>
      <chc>
        <rule-repo>SourceMeter_csharp</rule-repo>
        <rule-key>DNMSCWWM</rule-key>
        <prop>
          <key>offset</key>
          <val>3.0</val>
          <txt>h</txt>
        </prop>
        <prop>
          <key>remediationFunction</key>
          <txt>constant_issue</txt>
        </prop>
      </chc>
      <chc>
        <rule-repo>SourceMeter_csharp</rule-repo>
        <rule-key>IC</rule-key>
        <prop>
          <key>offset</key>
          <val>3.0</val>
          <txt>h</txt>
        </prop>
        <prop>
          <key>remediationFunction</key>
          <txt>constant_issue</txt>
        </prop>
      </chc>
      <chc>
        <rule-repo>SourceMeter_csharp</rule-repo>
        <rule-key>NCFSNBV</rule-key>
        <prop>
          <key>offset</key>
          <val>9.0</val>
          <txt>h</txt>
        </prop>
        <prop>
          <key>remediationFunction</key>
          <txt>constant_issue</txt>
        </prop>
      </chc>
      <chc>
        <rule-repo>SourceMeter_csharp</rule-repo>
        <rule-key>SHTSBS</rule-key>
        <prop>
          <key>offset</key>
          <val>45.0</val>
          <txt>mn</txt>
        </prop>
        <prop>
          <key>remediationFunction</key>
          <txt>constant_issue</txt>
        </prop>
      </chc>
      <chc>
        <rule-repo>SourceMeter_csharp</rule-repo>
        <rule-key>DNSURF</rule-key>
        <prop>
          <key>offset</key>
          <val>3.0</val>
          <txt>h</txt>
        </prop>
        <prop>
          <key>remediationFunction</key>
          <txt>constant_issue</txt>
        </prop>
      </chc>
      <chc>
        <rule-repo>SourceMeter_csharp</rule-repo>
        <rule-key>IC</rule-key>
        <prop>
          <key>offset</key>
          <val>3.0</val>
          <txt>h</txt>
        </prop>
        <prop>
          <key>remediationFunction</key>
          <txt>constant_issue</txt>
        </prop>
      </chc>
      <chc>
        <rule-repo>SourceMeter_csharp</rule-repo>
        <rule-key>ISMC</rule-key>
        <prop>
          <key>offset</key>
          <val>3.0</val>
          <txt>h</txt>
        </prop>
        <prop>
          <key>remediationFunction</key>
          <txt>constant_issue</txt>
        </prop>
      </chc>
      <chc>
        <rule-repo>SourceMeter_csharp</rule-repo>
        <rule-key>MWFEPWST</rule-key>
        <prop>
          <key>offset</key>
          <val>3.0</val>
          <txt>h</txt>
        </prop>
        <prop>
          <key>remediationFunction</key>
          <txt>constant_issue</txt>
        </prop>
      </chc>
      <chc>
        <rule-repo>SourceMeter_csharp</rule-repo>
        <rule-key>ADA</rule-key>
        <prop>
          <key>offset</key>
          <val>45.0</val>
          <txt>mn</txt>
        </prop>
        <prop>
          <key>remediationFunction</key>
          <txt>constant_issue</txt>
        </prop>
      </chc>
      <chc>
        <rule-repo>SourceMeter_csharp</rule-repo>
        <rule-key>AOICVI</rule-key>
        <prop>
          <key>offset</key>
          <val>3.0</val>
          <txt>h</txt>
        </prop>
        <prop>
          <key>remediationFunction</key>
          <txt>constant_issue</txt>
        </prop>
      </chc>
      <chc>
        <rule-repo>SourceMeter_csharp</rule-repo>
        <rule-key>CRMSNBV</rule-key>
        <prop>
          <key>offset</key>
          <val>45.0</val>
          <txt>mn</txt>
        </prop>
        <prop>
          <key>remediationFunction</key>
          <txt>constant_issue</txt>
        </prop>
      </chc>
      <chc>
        <rule-repo>SourceMeter_csharp</rule-repo>
        <rule-key>CVTBTSBCV</rule-key>
        <prop>
          <key>offset</key>
          <val>3.0</val>
          <txt>h</txt>
        </prop>
        <prop>
          <key>remediationFunction</key>
          <txt>constant_issue</txt>
        </prop>
      </chc>
      <chc>
        <rule-repo>SourceMeter_csharp</rule-repo>
        <rule-key>CVTSBC</rule-key>
        <prop>
          <key>offset</key>
          <val>45.0</val>
          <txt>mn</txt>
        </prop>
        <prop>
          <key>remediationFunction</key>
          <txt>constant_issue</txt>
        </prop>
      </chc>
      <chc>
        <rule-repo>SourceMeter_csharp</rule-repo>
        <rule-key>CPBTAP</rule-key>
        <prop>
          <key>offset</key>
          <val>45.0</val>
          <txt>mn</txt>
        </prop>
        <prop>
          <key>remediationFunction</key>
          <txt>constant_issue</txt>
        </prop>
      </chc>
      <chc>
        <rule-repo>SourceMeter_csharp</rule-repo>
        <rule-key>DTIN</rule-key>
        <prop>
          <key>offset</key>
          <val>45.0</val>
          <txt>mn</txt>
        </prop>
        <prop>
          <key>remediationFunction</key>
          <txt>constant_issue</txt>
        </prop>
      </chc>
      <chc>
        <rule-repo>SourceMeter_csharp</rule-repo>
        <rule-key>MEWF</rule-key>
        <prop>
          <key>offset</key>
          <val>45.0</val>
          <txt>mn</txt>
        </prop>
        <prop>
          <key>remediationFunction</key>
          <txt>constant_issue</txt>
        </prop>
      </chc>
      <chc>
        <rule-repo>SourceMeter_csharp</rule-repo>
        <rule-key>IIHSTM</rule-key>
        <prop>
          <key>offset</key>
          <val>3.0</val>
          <txt>h</txt>
        </prop>
        <prop>
          <key>remediationFunction</key>
          <txt>constant_issue</txt>
        </prop>
      </chc>
      <chc>
        <rule-repo>SourceMeter_csharp</rule-repo>
        <rule-key>OSHSO</rule-key>
        <prop>
          <key>offset</key>
          <val>3.0</val>
          <txt>h</txt>
        </prop>
        <prop>
          <key>remediationFunction</key>
          <txt>constant_issue</txt>
        </prop>
      </chc>
      <chc>
        <rule-repo>SourceMeter_csharp</rule-repo>
        <rule-key>PDMFOF</rule-key>
        <prop>
          <key>offset</key>
          <val>9.0</val>
          <txt>h</txt>
        </prop>
        <prop>
          <key>remediationFunction</key>
          <txt>constant_issue</txt>
        </prop>
      </chc>
      <chc>
        <rule-repo>SourceMeter_csharp</rule-repo>
        <rule-key>TTODFSBD</rule-key>
        <prop>
          <key>offset</key>
          <val>3.0</val>
          <txt>h</txt>
        </prop>
        <prop>
          <key>remediationFunction</key>
          <txt>constant_issue</txt>
        </prop>
      </chc>
      <chc>
        <rule-repo>SourceMeter_csharp</rule-repo>
        <rule-key>TTONRSBD</rule-key>
        <prop>
          <key>offset</key>
          <val>3.0</val>
          <txt>h</txt>
        </prop>
        <prop>
          <key>remediationFunction</key>
          <txt>constant_issue</txt>
        </prop>
      </chc>
      <chc>
        <rule-repo>SourceMeter_csharp</rule-repo>
        <rule-key>UGEHI</rule-key>
        <prop>
          <key>offset</key>
          <val>3.0</val>
          <txt>h</txt>
        </prop>
        <prop>
          <key>remediationFunction</key>
          <txt>constant_issue</txt>
        </prop>
      </chc>
      <chc>
        <rule-repo>SourceMeter_csharp</rule-repo>
        <rule-key>SP</rule-key>
        <prop>
          <key>offset</key>
          <val>3.0</val>
          <txt>h</txt>
        </prop>
        <prop>
          <key>remediationFunction</key>
          <txt>constant_issue</txt>
        </prop>
      </chc>
      <chc>
        <rule-repo>SourceMeter_csharp</rule-repo>
        <rule-key>MTWS</rule-key>
        <prop>
          <key>offset</key>
          <val>3.0</val>
          <txt>h</txt>
        </prop>
        <prop>
          <key>remediationFunction</key>
          <txt>constant_issue</txt>
        </prop>
      </chc>
      <chc>
        <rule-repo>SourceMeter_csharp</rule-repo>
        <rule-key>MCSIA</rule-key>
        <prop>
          <key>offset</key>
          <val>3.0</val>
          <txt>h</txt>
        </prop>
        <prop>
          <key>remediationFunction</key>
          <txt>constant_issue</txt>
        </prop>
      </chc>
    </chc>
    <chc>
      <key>DATA_RELIABILITY</key>
      <name>Data related reliability</name>
      <chc>
        <rule-repo>SourceMeter_csharp</rule-repo>
        <rule-key>DNHLSS</rule-key>
        <prop>
          <key>offset</key>
          <val>3.0</val>
          <txt>h</txt>
        </prop>
        <prop>
          <key>remediationFunction</key>
          <txt>constant_issue</txt>
        </prop>
      </chc>
      <chc>
        <rule-repo>SourceMeter_csharp</rule-repo>
        <rule-key>ESHZV</rule-key>
        <prop>
          <key>offset</key>
          <val>45.0</val>
          <txt>mn</txt>
        </prop>
        <prop>
          <key>remediationFunction</key>
          <txt>constant_issue</txt>
        </prop>
      </chc>
      <chc>
        <rule-repo>SourceMeter_csharp</rule-repo>
        <rule-key>TFN</rule-key>
        <prop>
          <key>offset</key>
          <val>45.0</val>
          <txt>mn</txt>
        </prop>
        <prop>
          <key>remediationFunction</key>
          <txt>constant_issue</txt>
        </prop>
      </chc>
      <chc>
        <rule-repo>SourceMeter_csharp</rule-repo>
        <rule-key>SCI</rule-key>
        <prop>
          <key>offset</key>
          <val>3.0</val>
          <txt>h</txt>
        </prop>
        <prop>
          <key>remediationFunction</key>
          <txt>constant_issue</txt>
        </prop>
      </chc>
      <chc>
        <rule-repo>SourceMeter_csharp</rule-repo>
        <rule-key>SLFDT</rule-key>
        <prop>
          <key>offset</key>
          <val>3.0</val>
          <txt>h</txt>
        </prop>
        <prop>
          <key>remediationFunction</key>
          <txt>constant_issue</txt>
        </prop>
      </chc>
      <chc>
        <rule-repo>SourceMeter_csharp</rule-repo>
        <rule-key>MAWAV</rule-key>
        <prop>
          <key>offset</key>
          <val>45.0</val>
          <txt>mn</txt>
        </prop>
        <prop>
          <key>remediationFunction</key>
          <txt>constant_issue</txt>
        </prop>
      </chc>
      <chc>
        <rule-repo>SourceMeter_csharp</rule-repo>
        <rule-key>DAFAA</rule-key>
        <prop>
          <key>offset</key>
          <val>45.0</val>
          <txt>mn</txt>
        </prop>
        <prop>
          <key>remediationFunction</key>
          <txt>constant_issue</txt>
        </prop>
      </chc>
      <chc>
        <rule-repo>SourceMeter_csharp</rule-repo>
        <rule-key>DNIMR</rule-key>
        <prop>
          <key>offset</key>
          <val>3.0</val>
          <txt>h</txt>
        </prop>
        <prop>
          <key>remediationFunction</key>
          <txt>constant_issue</txt>
        </prop>
      </chc>
      <chc>
        <rule-repo>SourceMeter_csharp</rule-repo>
        <rule-key>IMSBCBCT</rule-key>
        <prop>
          <key>offset</key>
          <val>3.0</val>
          <txt>h</txt>
        </prop>
        <prop>
          <key>remediationFunction</key>
          <txt>constant_issue</txt>
        </prop>
      </chc>
      <chc>
        <rule-repo>SourceMeter_csharp</rule-repo>
        <rule-key>AIF</rule-key>
        <prop>
          <key>offset</key>
          <val>45.0</val>
          <txt>mn</txt>
        </prop>
        <prop>
          <key>remediationFunction</key>
          <txt>constant_issue</txt>
        </prop>
      </chc>
      <chc>
        <rule-repo>SourceMeter_csharp</rule-repo>
        <rule-key>OSNO</rule-key>
        <prop>
          <key>offset</key>
          <val>45.0</val>
          <txt>mn</txt>
        </prop>
        <prop>
          <key>remediationFunction</key>
          <txt>constant_issue</txt>
        </prop>
      </chc>
      <chc>
        <rule-repo>SourceMeter_csharp</rule-repo>
        <rule-key>OMOCT</rule-key>
        <prop>
          <key>offset</key>
          <val>3.0</val>
          <txt>h</txt>
        </prop>
        <prop>
          <key>remediationFunction</key>
          <txt>constant_issue</txt>
        </prop>
      </chc>
      <chc>
        <rule-repo>SourceMeter_csharp</rule-repo>
        <rule-key>UMEOW</rule-key>
        <prop>
          <key>offset</key>
          <val>3.0</val>
          <txt>h</txt>
        </prop>
        <prop>
          <key>remediationFunction</key>
          <txt>constant_issue</txt>
        </prop>
      </chc>
    </chc>
    <chc>
      <key>EXCEPTION_HANDLING</key>
      <name>Exception handling</name>
      <chc>
        <rule-repo>SourceMeter_csharp</rule-repo>
        <rule-key>DNCGET</rule-key>
        <prop>
          <key>offset</key>
          <val>3.0</val>
          <txt>h</txt>
        </prop>
        <prop>
          <key>remediationFunction</key>
          <txt>constant_issue</txt>
        </prop>
      </chc>
      <chc>
        <rule-repo>SourceMeter_csharp</rule-repo>
        <rule-key>DNREIUL</rule-key>
        <prop>
          <key>offset</key>
          <val>3.0</val>
          <txt>h</txt>
        </prop>
        <prop>
          <key>remediationFunction</key>
          <txt>constant_issue</txt>
        </prop>
      </chc>
      <chc>
        <rule-repo>SourceMeter_csharp</rule-repo>
        <rule-key>ESBP</rule-key>
        <prop>
          <key>offset</key>
          <val>3.0</val>
          <txt>h</txt>
        </prop>
        <prop>
          <key>remediationFunction</key>
          <txt>constant_issue</txt>
        </prop>
      </chc>
      <chc>
        <rule-repo>SourceMeter_csharp</rule-repo>
        <rule-key>ISEC</rule-key>
        <prop>
          <key>offset</key>
          <val>3.0</val>
          <txt>h</txt>
        </prop>
        <prop>
          <key>remediationFunction</key>
          <txt>constant_issue</txt>
        </prop>
      </chc>
      <chc>
        <rule-repo>SourceMeter_csharp</rule-repo>
        <rule-key>RTPSD</rule-key>
        <prop>
          <key>offset</key>
          <val>45.0</val>
          <txt>mn</txt>
        </prop>
        <prop>
          <key>remediationFunction</key>
          <txt>constant_issue</txt>
        </prop>
      </chc>
      <chc>
        <rule-repo>SourceMeter_csharp</rule-repo>
        <rule-key>DNREIEC</rule-key>
        <prop>
          <key>offset</key>
          <val>3.0</val>
          <txt>h</txt>
        </prop>
        <prop>
          <key>remediationFunction</key>
          <txt>constant_issue</txt>
        </prop>
      </chc>
      <chc>
        <rule-repo>SourceMeter_csharp</rule-repo>
        <rule-key>DNRRET</rule-key>
        <prop>
          <key>offset</key>
          <val>3.0</val>
          <txt>h</txt>
        </prop>
        <prop>
          <key>remediationFunction</key>
          <txt>constant_issue</txt>
        </prop>
      </chc>
      <chc>
        <rule-repo>SourceMeter_csharp</rule-repo>
        <rule-key>IAEC</rule-key>
        <prop>
          <key>offset</key>
          <val>3.0</val>
          <txt>h</txt>
        </prop>
        <prop>
          <key>remediationFunction</key>
          <txt>constant_issue</txt>
        </prop>
      </chc>
    </chc>
    <chc>
      <key>FAULT_TOLERANCE</key>
      <name>Fault tolerance</name>
    </chc>
    <chc>
      <key>INSTRUCTION_RELIABILITY</key>
      <name>Instruction related reliability</name>
      <chc>
        <rule-repo>SourceMeter_csharp</rule-repo>
        <rule-key>IVTSFI</rule-key>
        <prop>
          <key>offset</key>
          <val>3.0</val>
          <txt>h</txt>
        </prop>
        <prop>
          <key>remediationFunction</key>
          <txt>constant_issue</txt>
        </prop>
      </chc>
      <chc>
        <rule-repo>SourceMeter_csharp</rule-repo>
        <rule-key>OOHNA</rule-key>
        <prop>
          <key>offset</key>
          <val>3.6</val>
          <txt>h</txt>
        </prop>
        <prop>
          <key>remediationFunction</key>
          <txt>constant_issue</txt>
        </prop>
      </chc>
      <chc>
        <rule-repo>SourceMeter_csharp</rule-repo>
        <rule-key>DNUADCIT</rule-key>
        <prop>
          <key>offset</key>
          <val>3.0</val>
          <txt>h</txt>
        </prop>
        <prop>
          <key>remediationFunction</key>
          <txt>constant_issue</txt>
        </prop>
      </chc>
      <chc>
        <rule-repo>SourceMeter_csharp</rule-repo>
        <rule-key>ISC</rule-key>
        <prop>
          <key>offset</key>
          <val>45.0</val>
          <txt>mn</txt>
        </prop>
        <prop>
          <key>remediationFunction</key>
          <txt>constant_issue</txt>
        </prop>
      </chc>
      <chc>
        <rule-repo>SourceMeter_csharp</rule-repo>
        <rule-key>CGLEIA</rule-key>
        <prop>
          <key>offset</key>
          <val>45.0</val>
          <txt>mn</txt>
        </prop>
        <prop>
          <key>remediationFunction</key>
          <txt>constant_issue</txt>
        </prop>
      </chc>
      <chc>
        <rule-repo>SourceMeter_csharp</rule-repo>
        <rule-key>CBCMOT</rule-key>
        <prop>
          <key>offset</key>
          <val>45.0</val>
          <txt>mn</txt>
        </prop>
        <prop>
          <key>remediationFunction</key>
          <txt>constant_issue</txt>
        </prop>
      </chc>
      <chc>
        <rule-repo>SourceMeter_csharp</rule-repo>
        <rule-key>DC</rule-key>
        <prop>
          <key>offset</key>
          <val>3.0</val>
          <txt>h</txt>
        </prop>
        <prop>
          <key>remediationFunction</key>
          <txt>constant_issue</txt>
        </prop>
      </chc>
      <chc>
        <rule-repo>SourceMeter_csharp</rule-repo>
        <rule-key>DEHC</rule-key>
        <prop>
          <key>offset</key>
          <val>3.0</val>
          <txt>h</txt>
        </prop>
        <prop>
          <key>remediationFunction</key>
          <txt>constant_issue</txt>
        </prop>
      </chc>
      <chc>
        <rule-repo>SourceMeter_csharp</rule-repo>
        <rule-key>UOSC</rule-key>
        <prop>
          <key>offset</key>
          <val>45.0</val>
          <txt>mn</txt>
        </prop>
        <prop>
          <key>remediationFunction</key>
          <txt>constant_issue</txt>
        </prop>
      </chc>
      <chc>
        <rule-repo>SourceMeter_csharp</rule-repo>
        <rule-key>OOEOOAAS</rule-key>
        <prop>
          <key>offset</key>
          <val>3.0</val>
          <txt>h</txt>
        </prop>
        <prop>
          <key>remediationFunction</key>
          <txt>constant_issue</txt>
        </prop>
      </chc>
      <chc>
        <rule-repo>SourceMeter_csharp</rule-repo>
        <rule-key>OOEOOVTE</rule-key>
        <prop>
          <key>offset</key>
          <val>3.0</val>
          <txt>h</txt>
        </prop>
        <prop>
          <key>remediationFunction</key>
          <txt>constant_issue</txt>
        </prop>
      </chc>
      <chc>
        <rule-repo>SourceMeter_csharp</rule-repo>
        <rule-key>OEOOOE</rule-key>
        <prop>
          <key>offset</key>
          <val>3.0</val>
          <txt>h</txt>
        </prop>
        <prop>
          <key>remediationFunction</key>
          <txt>constant_issue</txt>
        </prop>
      </chc>
      <chc>
        <rule-repo>SourceMeter_csharp</rule-repo>
        <rule-key>OGHCOOE</rule-key>
        <prop>
          <key>offset</key>
          <val>3.0</val>
          <txt>h</txt>
        </prop>
        <prop>
          <key>remediationFunction</key>
          <txt>constant_issue</txt>
        </prop>
      </chc>
      <chc>
        <rule-repo>SourceMeter_csharp</rule-repo>
        <rule-key>PEPSE</rule-key>
        <prop>
          <key>offset</key>
          <val>9.0</val>
          <txt>h</txt>
        </prop>
        <prop>
          <key>remediationFunction</key>
          <txt>constant_issue</txt>
        </prop>
      </chc>
    </chc>
    <chc>
      <key>LOGIC_RELIABILITY</key>
      <name>Logic related reliability</name>
    </chc>
    <chc>
      <key>SYNCHRONIZATION_RELIABILITY</key>
      <name>Synchronization related reliability</name>
      <chc>
        <rule-repo>SourceMeter_csharp</rule-repo>
        <rule-key>CRMSBM</rule-key>
        <prop>
          <key>offset</key>
          <val>3.0</val>
          <txt>h</txt>
        </prop>
        <prop>
          <key>remediationFunction</key>
          <txt>constant_issue</txt>
        </prop>
      </chc>
    </chc>
  </chc>
  <chc>
    <key>TESTABILITY</key>
    <name>Testability</name>
    <chc>
      <key>INTEGRATION_TESTABILITY</key>
      <name>Integration level testability</name>
    </chc>
    <chc>
      <key>UNIT_TESTABILITY</key>
      <name>Unit level testability</name>
      <chc>
        <rule-repo>SourceMeter_csharp</rule-repo>
        <rule-key>RRAWPA</rule-key>
        <prop>
          <key>offset</key>
          <val>45.0</val>
          <txt>mn</txt>
        </prop>
        <prop>
          <key>remediationFunction</key>
          <txt>constant_issue</txt>
        </prop>
      </chc>
    </chc>
  </chc>
</sqale>