<?xml version="1.0" encoding="UTF-8"?>
<profile>
  <name>SourceMeter way</name>
  <language>python</language>
  <rules>
    <rule>
      <repositoryKey>SourceMeter_python</repositoryKey>
      <key>MET_CBO</key>
      <priority>INFO</priority>
    </rule>
    <rule>
      <repositoryKey>SourceMeter_python</repositoryKey>
      <key>MET_CLOC</key>
      <priority>INFO</priority>
    </rule>
    <rule>
      <repositoryKey>SourceMeter_python</repositoryKey>
      <key>MET_DLOC</key>
      <priority>INFO</priority>
    </rule>
    <rule>
      <repositoryKey>SourceMeter_python</repositoryKey>
      <key>MET_LCOM5</key>
      <priority>INFO</priority>
    </rule>
    <rule>
      <repositoryKey>SourceMeter_python</repositoryKey>
      <key>MET_LLOC</key>
      <priority>INFO</priority>
    </rule>
    <rule>
      <repositoryKey>SourceMeter_python</repositoryKey>
      <key>MET_LOC</key>
      <priority>INFO</priority>
    </rule>
    <rule>
      <repositoryKey>SourceMeter_python</repositoryKey>
      <key>MET_McCC</key>
      <priority>INFO</priority>
    </rule>
    <rule>
      <repositoryKey>SourceMeter_python</repositoryKey>
      <key>MET_NII</key>
      <priority>INFO</priority>
    </rule>
    <rule>
      <repositoryKey>SourceMeter_python</repositoryKey>
      <key>MET_NLA</key>
      <priority>INFO</priority>
    </rule>
    <rule>
      <repositoryKey>SourceMeter_python</repositoryKey>
      <key>MET_NLE</key>
      <priority>INFO</priority>
    </rule>
    <rule>
      <repositoryKey>SourceMeter_python</repositoryKey>
      <key>MET_NLM</key>
      <priority>INFO</priority>
    </rule>
    <rule>
      <repositoryKey>SourceMeter_python</repositoryKey>
      <key>MET_NOC</key>
      <priority>INFO</priority>
    </rule>
    <rule>
      <repositoryKey>SourceMeter_python</repositoryKey>
      <key>MET_NOI</key>
      <priority>INFO</priority>
    </rule>
    <rule>
      <repositoryKey>SourceMeter_python</repositoryKey>
      <key>MET_NOS</key>
      <priority>INFO</priority>
    </rule>
    <rule>
      <repositoryKey>SourceMeter_python</repositoryKey>
      <key>MET_NUMPAR</key>
      <priority>INFO</priority>
    </rule>
    <rule>
      <repositoryKey>SourceMeter_python</repositoryKey>
      <key>MET_RFC</key>
      <priority>INFO</priority>
    </rule>
    <rule>
      <repositoryKey>SourceMeter_python</repositoryKey>
      <key>MET_TLLOC</key>
      <priority>INFO</priority>
    </rule>
    <rule>
      <repositoryKey>SourceMeter_python</repositoryKey>
      <key>MET_TLOC</key>
      <priority>INFO</priority>
    </rule>
    <rule>
      <repositoryKey>SourceMeter_python</repositoryKey>
      <key>MET_TNOS</key>
      <priority>INFO</priority>
    </rule>
    <rule>
      <repositoryKey>SourceMeter_python</repositoryKey>
      <key>MET_WMC</key>
      <priority>INFO</priority>
    </rule>
    <rule>
      <repositoryKey>SourceMeter_python</repositoryKey>
      <key>MET_CCO</key>
      <priority>INFO</priority>
    </rule>
    <rule>
      <repositoryKey>SourceMeter_python</repositoryKey>
      <key>MET_CE</key>
      <priority>INFO</priority>
    </rule>
    <rule>
      <repositoryKey>SourceMeter_python</repositoryKey>
      <key>MET_CI</key>
      <priority>INFO</priority>
    </rule>
    <rule>
      <repositoryKey>SourceMeter_python</repositoryKey>
      <key>MET_CLLC</key>
      <priority>INFO</priority>
    </rule>
    <rule>
      <repositoryKey>SourceMeter_python</repositoryKey>
      <key>MET_CLLOC</key>
      <priority>INFO</priority>
    </rule>
    <rule>
      <repositoryKey>SourceMeter_python</repositoryKey>
      <key>AAI</key>
      <priority>MINOR</priority>
    </rule>
    <rule>
      <repositoryKey>SourceMeter_python</repositoryKey>
      <key>BE</key>
      <priority>MAJOR</priority>
    </rule>
    <rule>
      <repositoryKey>SourceMeter_python</repositoryKey>
      <key>BT</key>
      <priority>MAJOR</priority>
    </rule>
    <rule>
      <repositoryKey>SourceMeter_python</repositoryKey>
      <key>BoC</key>
      <priority>MAJOR</priority>
    </rule>
    <rule>
      <repositoryKey>SourceMeter_python</repositoryKey>
      <key>DDV</key>
      <priority>MAJOR</priority>
    </rule>
    <rule>
      <repositoryKey>SourceMeter_python</repositoryKey>
      <key>MS</key>
      <priority>MAJOR</priority>
    </rule>
    <rule>
      <repositoryKey>SourceMeter_python</repositoryKey>
      <key>MeN</key>
      <priority>MINOR</priority>
    </rule>
    <rule>
      <repositoryKey>SourceMeter_python</repositoryKey>
      <key>MoN</key>
      <priority>MINOR</priority>
    </rule>
    <rule>
      <repositoryKey>SourceMeter_python</repositoryKey>
      <key>NoC</key>
      <priority>MAJOR</priority>
    </rule>
    <rule>
      <repositoryKey>SourceMeter_python</repositoryKey>
      <key>OC</key>
      <priority>MAJOR</priority>
    </rule>
    <rule>
      <repositoryKey>SourceMeter_python</repositoryKey>
      <key>ORS</key>
      <priority>CRITICAL</priority>
    </rule>
    <rule>
      <repositoryKey>SourceMeter_python</repositoryKey>
      <key>OSC</key>
      <priority>MAJOR</priority>
    </rule>
    <rule>
      <repositoryKey>SourceMeter_python</repositoryKey>
      <key>RI</key>
      <priority>MINOR</priority>
    </rule>
    <rule>
      <repositoryKey>SourceMeter_python</repositoryKey>
      <key>RS</key>
      <priority>CRITICAL</priority>
    </rule>
    <rule>
      <repositoryKey>SourceMeter_python</repositoryKey>
      <key>SFC</key>
      <priority>MAJOR</priority>
    </rule>
    <rule>
      <repositoryKey>SourceMeter_python</repositoryKey>
      <key>SI</key>
      <priority>MINOR</priority>
    </rule>
    <rule>
      <repositoryKey>SourceMeter_python</repositoryKey>
      <key>SSP</key>
      <priority>MAJOR</priority>
    </rule>
    <rule>
      <repositoryKey>SourceMeter_python</repositoryKey>
      <key>SSS</key>
      <priority>MAJOR</priority>
    </rule>
    <rule>
      <repositoryKey>SourceMeter_python</repositoryKey>
      <key>TI</key>
      <priority>MAJOR</priority>
    </rule>
    <rule>
      <repositoryKey>SourceMeter_python</repositoryKey>
      <key>WI</key>
      <priority>MAJOR</priority>
    </rule>
    <rule>
      <repositoryKey>SourceMeter_python</repositoryKey>
      <key>AB</key>
      <priority>MAJOR</priority>
    </rule>
    <rule>
      <repositoryKey>SourceMeter_python</repositoryKey>
      <key>ABIS</key>
      <priority>MAJOR</priority>
    </rule>
    <rule>
      <repositoryKey>SourceMeter_python</repositoryKey>
      <key>ACI</key>
      <priority>CRITICAL</priority>
    </rule>
    <rule>
      <repositoryKey>SourceMeter_python</repositoryKey>
      <key>ACLU</key>
      <priority>MINOR</priority>
    </rule>
    <rule>
      <repositoryKey>SourceMeter_python</repositoryKey>
      <key>ACNU</key>
      <priority>MINOR</priority>
    </rule>
    <rule>
      <repositoryKey>SourceMeter_python</repositoryKey>
      <key>AD</key>
      <priority>MAJOR</priority>
    </rule>
    <rule>
      <repositoryKey>SourceMeter_python</repositoryKey>
      <key>ADOI</key>
      <priority>MAJOR</priority>
    </rule>
    <rule>
      <repositoryKey>SourceMeter_python</repositoryKey>
      <key>AFN</key>
      <priority>MAJOR</priority>
    </rule>
    <rule>
      <repositoryKey>SourceMeter_python</repositoryKey>
      <key>AFNR</key>
      <priority>CRITICAL</priority>
    </rule>
    <rule>
      <repositoryKey>SourceMeter_python</repositoryKey>
      <key>AM</key>
      <priority>MAJOR</priority>
    </rule>
    <rule>
      <repositoryKey>SourceMeter_python</repositoryKey>
      <key>AMBD</key>
      <priority>CRITICAL</priority>
    </rule>
    <rule>
      <repositoryKey>SourceMeter_python</repositoryKey>
      <key>ANS</key>
      <priority>CRITICAL</priority>
    </rule>
    <rule>
      <repositoryKey>SourceMeter_python</repositoryKey>
      <key>AOT</key>
      <priority>MAJOR</priority>
    </rule>
    <rule>
      <repositoryKey>SourceMeter_python</repositoryKey>
      <key>AUEIS</key>
      <priority>MAJOR</priority>
    </rule>
    <rule>
      <repositoryKey>SourceMeter_python</repositoryKey>
      <key>B</key>
      <priority>CRITICAL</priority>
    </rule>
    <rule>
      <repositoryKey>SourceMeter_python</repositoryKey>
      <key>BB</key>
      <priority>MAJOR</priority>
    </rule>
    <rule>
      <repositoryKey>SourceMeter_python</repositoryKey>
      <key>BC</key>
      <priority>MINOR</priority>
    </rule>
    <rule>
      <repositoryKey>SourceMeter_python</repositoryKey>
      <key>BCA</key>
      <priority>MINOR</priority>
    </rule>
    <rule>
      <repositoryKey>SourceMeter_python</repositoryKey>
      <key>BCM</key>
      <priority>CRITICAL</priority>
    </rule>
    <rule>
      <repositoryKey>SourceMeter_python</repositoryKey>
      <key>BD</key>
      <priority>MAJOR</priority>
    </rule>
    <rule>
      <repositoryKey>SourceMeter_python</repositoryKey>
      <key>BEC</key>
      <priority>CRITICAL</priority>
    </rule>
    <rule>
      <repositoryKey>SourceMeter_python</repositoryKey>
      <key>BEO</key>
      <priority>CRITICAL</priority>
    </rule>
    <rule>
      <repositoryKey>SourceMeter_python</repositoryKey>
      <key>BFC</key>
      <priority>CRITICAL</priority>
    </rule>
    <rule>
      <repositoryKey>SourceMeter_python</repositoryKey>
      <key>BFS</key>
      <priority>MAJOR</priority>
    </rule>
    <rule>
      <repositoryKey>SourceMeter_python</repositoryKey>
      <key>BFSK</key>
      <priority>MAJOR</priority>
    </rule>
    <rule>
      <repositoryKey>SourceMeter_python</repositoryKey>
      <key>BI</key>
      <priority>MAJOR</priority>
    </rule>
    <rule>
      <repositoryKey>SourceMeter_python</repositoryKey>
      <key>BMCA</key>
      <priority>MINOR</priority>
    </rule>
    <rule>
      <repositoryKey>SourceMeter_python</repositoryKey>
      <key>BMMA</key>
      <priority>MINOR</priority>
    </rule>
    <rule>
      <repositoryKey>SourceMeter_python</repositoryKey>
      <key>BN</key>
      <priority>MINOR</priority>
    </rule>
    <rule>
      <repositoryKey>SourceMeter_python</repositoryKey>
      <key>BOE</key>
      <priority>MAJOR</priority>
    </rule>
    <rule>
      <repositoryKey>SourceMeter_python</repositoryKey>
      <key>BOM</key>
      <priority>MAJOR</priority>
    </rule>
    <rule>
      <repositoryKey>SourceMeter_python</repositoryKey>
      <key>BRS</key>
      <priority>CRITICAL</priority>
    </rule>
    <rule>
      <repositoryKey>SourceMeter_python</repositoryKey>
      <key>BSA</key>
      <priority>MAJOR</priority>
    </rule>
    <rule>
      <repositoryKey>SourceMeter_python</repositoryKey>
      <key>BSC</key>
      <priority>CRITICAL</priority>
    </rule>
    <rule>
      <repositoryKey>SourceMeter_python</repositoryKey>
      <key>BSSC</key>
      <priority>CRITICAL</priority>
    </rule>
    <rule>
      <repositoryKey>SourceMeter_python</repositoryKey>
      <key>BW</key>
      <priority>MINOR</priority>
    </rule>
    <rule>
      <repositoryKey>SourceMeter_python</repositoryKey>
      <key>BaB</key>
      <priority>MAJOR</priority>
    </rule>
    <rule>
      <repositoryKey>SourceMeter_python</repositoryKey>
      <key>BrE</key>
      <priority>MAJOR</priority>
    </rule>
    <rule>
      <repositoryKey>SourceMeter_python</repositoryKey>
      <key>BuB</key>
      <priority>MAJOR</priority>
    </rule>
    <rule>
      <repositoryKey>SourceMeter_python</repositoryKey>
      <key>CB</key>
      <priority>MAJOR</priority>
    </rule>
    <rule>
      <repositoryKey>SourceMeter_python</repositoryKey>
      <key>CI</key>
      <priority>MINOR</priority>
    </rule>
    <rule>
      <repositoryKey>SourceMeter_python</repositoryKey>
      <key>CM</key>
      <priority>MAJOR</priority>
    </rule>
    <rule>
      <repositoryKey>SourceMeter_python</repositoryKey>
      <key>CNE</key>
      <priority>CRITICAL</priority>
    </rule>
    <rule>
      <repositoryKey>SourceMeter_python</repositoryKey>
      <key>CVFL</key>
      <priority>MAJOR</priority>
    </rule>
    <rule>
      <repositoryKey>SourceMeter_python</repositoryKey>
      <key>CoB</key>
      <priority>MAJOR</priority>
    </rule>
    <rule>
      <repositoryKey>SourceMeter_python</repositoryKey>
      <key>CoM</key>
      <priority>MAJOR</priority>
    </rule>
    <rule>
      <repositoryKey>SourceMeter_python</repositoryKey>
      <key>DAN</key>
      <priority>CRITICAL</priority>
    </rule>
    <rule>
      <repositoryKey>SourceMeter_python</repositoryKey>
      <key>DIM</key>
      <priority>MAJOR</priority>
    </rule>
    <rule>
      <repositoryKey>SourceMeter_python</repositoryKey>
      <key>DK</key>
      <priority>MAJOR</priority>
    </rule>
    <rule>
      <repositoryKey>SourceMeter_python</repositoryKey>
      <key>DL</key>
      <priority>MAJOR</priority>
    </rule>
    <rule>
      <repositoryKey>SourceMeter_python</repositoryKey>
      <key>DM</key>
      <priority>MAJOR</priority>
    </rule>
    <rule>
      <repositoryKey>SourceMeter_python</repositoryKey>
      <key>DVM</key>
      <priority>MAJOR</priority>
    </rule>
    <rule>
      <repositoryKey>SourceMeter_python</repositoryKey>
      <key>DeM</key>
      <priority>MAJOR</priority>
    </rule>
    <rule>
      <repositoryKey>SourceMeter_python</repositoryKey>
      <key>EB</key>
      <priority>MAJOR</priority>
    </rule>
    <rule>
      <repositoryKey>SourceMeter_python</repositoryKey>
      <key>ED</key>
      <priority>MINOR</priority>
    </rule>
    <rule>
      <repositoryKey>SourceMeter_python</repositoryKey>
      <key>ENA</key>
      <priority>MAJOR</priority>
    </rule>
    <rule>
      <repositoryKey>SourceMeter_python</repositoryKey>
      <key>EU</key>
      <priority>MAJOR</priority>
    </rule>
    <rule>
      <repositoryKey>SourceMeter_python</repositoryKey>
      <key>ExU</key>
      <priority>MAJOR</priority>
    </rule>
    <rule>
      <repositoryKey>SourceMeter_python</repositoryKey>
      <key>FB</key>
      <priority>MAJOR</priority>
    </rule>
    <rule>
      <repositoryKey>SourceMeter_python</repositoryKey>
      <key>FCS</key>
      <priority>MAJOR</priority>
    </rule>
    <rule>
      <repositoryKey>SourceMeter_python</repositoryKey>
      <key>FNM</key>
      <priority>CRITICAL</priority>
    </rule>
    <rule>
      <repositoryKey>SourceMeter_python</repositoryKey>
      <key>FR</key>
      <priority>CRITICAL</priority>
    </rule>
    <rule>
      <repositoryKey>SourceMeter_python</repositoryKey>
      <key>Fi</key>
      <priority>MAJOR</priority>
    </rule>
    <rule>
      <repositoryKey>SourceMeter_python</repositoryKey>
      <key>GAML</key>
      <priority>MAJOR</priority>
    </rule>
    <rule>
      <repositoryKey>SourceMeter_python</repositoryKey>
      <key>GM</key>
      <priority>MAJOR</priority>
    </rule>
    <rule>
      <repositoryKey>SourceMeter_python</repositoryKey>
      <key>GS</key>
      <priority>MAJOR</priority>
    </rule>
    <rule>
      <repositoryKey>SourceMeter_python</repositoryKey>
      <key>GVNA</key>
      <priority>MAJOR</priority>
    </rule>
    <rule>
      <repositoryKey>SourceMeter_python</repositoryKey>
      <key>GVU</key>
      <priority>MAJOR</priority>
    </rule>
    <rule>
      <repositoryKey>SourceMeter_python</repositoryKey>
      <key>HM</key>
      <priority>MAJOR</priority>
    </rule>
    <rule>
      <repositoryKey>SourceMeter_python</repositoryKey>
      <key>IAO</key>
      <priority>CRITICAL</priority>
    </rule>
    <rule>
      <repositoryKey>SourceMeter_python</repositoryKey>
      <key>IB</key>
      <priority>MAJOR</priority>
    </rule>
    <rule>
      <repositoryKey>SourceMeter_python</repositoryKey>
      <key>IED</key>
      <priority>MAJOR</priority>
    </rule>
    <rule>
      <repositoryKey>SourceMeter_python</repositoryKey>
      <key>IFI</key>
      <priority>MAJOR</priority>
    </rule>
    <rule>
      <repositoryKey>SourceMeter_python</repositoryKey>
      <key>IIG</key>
      <priority>CRITICAL</priority>
    </rule>
    <rule>
      <repositoryKey>SourceMeter_python</repositoryKey>
      <key>IINC</key>
      <priority>CRITICAL</priority>
    </rule>
    <rule>
      <repositoryKey>SourceMeter_python</repositoryKey>
      <key>IME</key>
      <priority>MAJOR</priority>
    </rule>
    <rule>
      <repositoryKey>SourceMeter_python</repositoryKey>
      <key>IN</key>
      <priority>MINOR</priority>
    </rule>
    <rule>
      <repositoryKey>SourceMeter_python</repositoryKey>
      <key>INC</key>
      <priority>CRITICAL</priority>
    </rule>
    <rule>
      <repositoryKey>SourceMeter_python</repositoryKey>
      <key>INI</key>
      <priority>MINOR</priority>
    </rule>
    <rule>
      <repositoryKey>SourceMeter_python</repositoryKey>
      <key>IS</key>
      <priority>MAJOR</priority>
    </rule>
    <rule>
      <repositoryKey>SourceMeter_python</repositoryKey>
      <key>ISI</key>
      <priority>CRITICAL</priority>
    </rule>
    <rule>
      <repositoryKey>SourceMeter_python</repositoryKey>
      <key>ISO</key>
      <priority>CRITICAL</priority>
    </rule>
    <rule>
      <repositoryKey>SourceMeter_python</repositoryKey>
      <key>InE</key>
      <priority>MAJOR</priority>
    </rule>
    <rule>
      <repositoryKey>SourceMeter_python</repositoryKey>
      <key>InS</key>
      <priority>CRITICAL</priority>
    </rule>
    <rule>
      <repositoryKey>SourceMeter_python</repositoryKey>
      <key>InSI</key>
      <priority>CRITICAL</priority>
    </rule>
    <rule>
      <repositoryKey>SourceMeter_python</repositoryKey>
      <key>LB</key>
      <priority>MAJOR</priority>
    </rule>
    <rule>
      <repositoryKey>SourceMeter_python</repositoryKey>
      <key>LFI</key>
      <priority>MAJOR</priority>
    </rule>
    <rule>
      <repositoryKey>SourceMeter_python</repositoryKey>
      <key>LFT</key>
      <priority>CRITICAL</priority>
    </rule>
    <rule>
      <repositoryKey>SourceMeter_python</repositoryKey>
      <key>LLS</key>
      <priority>MAJOR</priority>
    </rule>
    <rule>
      <repositoryKey>SourceMeter_python</repositoryKey>
      <key>LNL</key>
      <priority>MAJOR</priority>
    </rule>
    <rule>
      <repositoryKey>SourceMeter_python</repositoryKey>
      <key>LS</key>
      <priority>CRITICAL</priority>
    </rule>
    <rule>
      <repositoryKey>SourceMeter_python</repositoryKey>
      <key>LTFA</key>
      <priority>CRITICAL</priority>
    </rule>
    <rule>
      <repositoryKey>SourceMeter_python</repositoryKey>
      <key>LTL</key>
      <priority>MINOR</priority>
    </rule>
    <rule>
      <repositoryKey>SourceMeter_python</repositoryKey>
      <key>LTMA</key>
      <priority>CRITICAL</priority>
    </rule>
    <rule>
      <repositoryKey>SourceMeter_python</repositoryKey>
      <key>LUF</key>
      <priority>CRITICAL</priority>
    </rule>
    <rule>
      <repositoryKey>SourceMeter_python</repositoryKey>
      <key>LoE</key>
      <priority>MAJOR</priority>
    </rule>
    <rule>
      <repositoryKey>SourceMeter_python</repositoryKey>
      <key>MA</key>
      <priority>MAJOR</priority>
    </rule>
    <rule>
      <repositoryKey>SourceMeter_python</repositoryKey>
      <key>MD</key>
      <priority>MINOR</priority>
    </rule>
    <rule>
      <repositoryKey>SourceMeter_python</repositoryKey>
      <key>MF</key>
      <priority>MAJOR</priority>
    </rule>
    <rule>
      <repositoryKey>SourceMeter_python</repositoryKey>
      <key>MFA</key>
      <priority>MAJOR</priority>
    </rule>
    <rule>
      <repositoryKey>SourceMeter_python</repositoryKey>
      <key>MFAK</key>
      <priority>MAJOR</priority>
    </rule>
    <rule>
      <repositoryKey>SourceMeter_python</repositoryKey>
      <key>MFN</key>
      <priority>MINOR</priority>
    </rule>
    <rule>
      <repositoryKey>SourceMeter_python</repositoryKey>
      <key>MFS</key>
      <priority>CRITICAL</priority>
    </rule>
    <rule>
      <repositoryKey>SourceMeter_python</repositoryKey>
      <key>MFSK</key>
      <priority>CRITICAL</priority>
    </rule>
    <rule>
      <repositoryKey>SourceMeter_python</repositoryKey>
      <key>MH</key>
      <priority>CRITICAL</priority>
    </rule>
    <rule>
      <repositoryKey>SourceMeter_python</repositoryKey>
      <key>MI</key>
      <priority>MAJOR</priority>
    </rule>
    <rule>
      <repositoryKey>SourceMeter_python</repositoryKey>
      <key>MIM</key>
      <priority>CRITICAL</priority>
    </rule>
    <rule>
      <repositoryKey>SourceMeter_python</repositoryKey>
      <key>MK</key>
      <priority>CRITICAL</priority>
    </rule>
    <rule>
      <repositoryKey>SourceMeter_python</repositoryKey>
      <key>MLE</key>
      <priority>MINOR</priority>
    </rule>
    <rule>
      <repositoryKey>SourceMeter_python</repositoryKey>
      <key>MMA</key>
      <priority>MINOR</priority>
    </rule>
    <rule>
      <repositoryKey>SourceMeter_python</repositoryKey>
      <key>MRA</key>
      <priority>CRITICAL</priority>
    </rule>
    <rule>
      <repositoryKey>SourceMeter_python</repositoryKey>
      <key>MSA</key>
      <priority>CRITICAL</priority>
    </rule>
    <rule>
      <repositoryKey>SourceMeter_python</repositoryKey>
      <key>NAI</key>
      <priority>MAJOR</priority>
    </rule>
    <rule>
      <repositoryKey>SourceMeter_python</repositoryKey>
      <key>NC</key>
      <priority>CRITICAL</priority>
    </rule>
    <rule>
      <repositoryKey>SourceMeter_python</repositoryKey>
      <key>NE</key>
      <priority>MAJOR</priority>
    </rule>
    <rule>
      <repositoryKey>SourceMeter_python</repositoryKey>
      <key>NI</key>
      <priority>MAJOR</priority>
    </rule>
    <rule>
      <repositoryKey>SourceMeter_python</repositoryKey>
      <key>NIL</key>
      <priority>CRITICAL</priority>
    </rule>
    <rule>
      <repositoryKey>SourceMeter_python</repositoryKey>
      <key>NIR</key>
      <priority>MAJOR</priority>
    </rule>
    <rule>
      <repositoryKey>SourceMeter_python</repositoryKey>
      <key>NM</key>
      <priority>CRITICAL</priority>
    </rule>
    <rule>
      <repositoryKey>SourceMeter_python</repositoryKey>
      <key>NMA</key>
      <priority>CRITICAL</priority>
    </rule>
    <rule>
      <repositoryKey>SourceMeter_python</repositoryKey>
      <key>NMC</key>
      <priority>MAJOR</priority>
    </rule>
    <rule>
      <repositoryKey>SourceMeter_python</repositoryKey>
      <key>NNIM</key>
      <priority>CRITICAL</priority>
    </rule>
    <rule>
      <repositoryKey>SourceMeter_python</repositoryKey>
      <key>NO</key>
      <priority>CRITICAL</priority>
    </rule>
    <rule>
      <repositoryKey>SourceMeter_python</repositoryKey>
      <key>NPIC</key>
      <priority>MAJOR</priority>
    </rule>
    <rule>
      <repositoryKey>SourceMeter_python</repositoryKey>
      <key>NR</key>
      <priority>CRITICAL</priority>
    </rule>
    <rule>
      <repositoryKey>SourceMeter_python</repositoryKey>
      <key>NSA</key>
      <priority>CRITICAL</priority>
    </rule>
    <rule>
      <repositoryKey>SourceMeter_python</repositoryKey>
      <key>NSU</key>
      <priority>MINOR</priority>
    </rule>
    <rule>
      <repositoryKey>SourceMeter_python</repositoryKey>
      <key>NVFP</key>
      <priority>CRITICAL</priority>
    </rule>
    <rule>
      <repositoryKey>SourceMeter_python</repositoryKey>
      <key>NoM</key>
      <priority>MAJOR</priority>
    </rule>
    <rule>
      <repositoryKey>SourceMeter_python</repositoryKey>
      <key>OD</key>
      <priority>MAJOR</priority>
    </rule>
    <rule>
      <repositoryKey>SourceMeter_python</repositoryKey>
      <key>OM</key>
      <priority>MAJOR</priority>
    </rule>
    <rule>
      <repositoryKey>SourceMeter_python</repositoryKey>
      <key>ONO</key>
      <priority>CRITICAL</priority>
    </rule>
    <rule>
      <repositoryKey>SourceMeter_python</repositoryKey>
      <key>OOL</key>
      <priority>CRITICAL</priority>
    </rule>
    <rule>
      <repositoryKey>SourceMeter_python</repositoryKey>
      <key>PA</key>
      <priority>MAJOR</priority>
    </rule>
    <rule>
      <repositoryKey>SourceMeter_python</repositoryKey>
      <key>POOC</key>
      <priority>MAJOR</priority>
    </rule>
    <rule>
      <repositoryKey>SourceMeter_python</repositoryKey>
      <key>PS</key>
      <priority>MAJOR</priority>
    </rule>
    <rule>
      <repositoryKey>SourceMeter_python</repositoryKey>
      <key>PSS</key>
      <priority>MAJOR</priority>
    </rule>
    <rule>
      <repositoryKey>SourceMeter_python</repositoryKey>
      <key>PU</key>
      <priority>CRITICAL</priority>
    </rule>
    <rule>
      <repositoryKey>SourceMeter_python</repositoryKey>
      <key>PoE</key>
      <priority>MAJOR</priority>
    </rule>
    <rule>
      <repositoryKey>SourceMeter_python</repositoryKey>
      <key>PrS</key>
      <priority>CRITICAL</priority>
    </rule>
    <rule>
      <repositoryKey>SourceMeter_python</repositoryKey>
      <key>R</key>
      <priority>MAJOR</priority>
    </rule>
    <rule>
      <repositoryKey>SourceMeter_python</repositoryKey>
      <key>RAIG</key>
      <priority>CRITICAL</priority>
    </rule>
    <rule>
      <repositoryKey>SourceMeter_python</repositoryKey>
      <key>RB</key>
      <priority>MAJOR</priority>
    </rule>
    <rule>
      <repositoryKey>SourceMeter_python</repositoryKey>
      <key>RBT</key>
      <priority>CRITICAL</priority>
    </rule>
    <rule>
      <repositoryKey>SourceMeter_python</repositoryKey>
      <key>RIH</key>
      <priority>MAJOR</priority>
    </rule>
    <rule>
      <repositoryKey>SourceMeter_python</repositoryKey>
      <key>RII</key>
      <priority>CRITICAL</priority>
    </rule>
    <rule>
      <repositoryKey>SourceMeter_python</repositoryKey>
      <key>RKA</key>
      <priority>CRITICAL</priority>
    </rule>
    <rule>
      <repositoryKey>SourceMeter_python</repositoryKey>
      <key>RNE</key>
      <priority>CRITICAL</priority>
    </rule>
    <rule>
      <repositoryKey>SourceMeter_python</repositoryKey>
      <key>ROF</key>
      <priority>CRITICAL</priority>
    </rule>
    <rule>
      <repositoryKey>SourceMeter_python</repositoryKey>
      <key>RON</key>
      <priority>MAJOR</priority>
    </rule>
    <rule>
      <repositoryKey>SourceMeter_python</repositoryKey>
      <key>RUA</key>
      <priority>MAJOR</priority>
    </rule>
    <rule>
      <repositoryKey>SourceMeter_python</repositoryKey>
      <key>ReB</key>
      <priority>MAJOR</priority>
    </rule>
    <rule>
      <repositoryKey>SourceMeter_python</repositoryKey>
      <key>RedB</key>
      <priority>MAJOR</priority>
    </rule>
    <rule>
      <repositoryKey>SourceMeter_python</repositoryKey>
      <key>RelB</key>
      <priority>MAJOR</priority>
    </rule>
    <rule>
      <repositoryKey>SourceMeter_python</repositoryKey>
      <key>RoB</key>
      <priority>MAJOR</priority>
    </rule>
    <rule>
      <repositoryKey>SourceMeter_python</repositoryKey>
      <key>SA</key>
      <priority>MAJOR</priority>
    </rule>
    <rule>
      <repositoryKey>SourceMeter_python</repositoryKey>
      <key>SB</key>
      <priority>MAJOR</priority>
    </rule>
    <rule>
      <repositoryKey>SourceMeter_python</repositoryKey>
      <key>SD</key>
      <priority>MAJOR</priority>
    </rule>
    <rule>
      <repositoryKey>SourceMeter_python</repositoryKey>
      <key>SINC</key>
      <priority>MAJOR</priority>
    </rule>
    <rule>
      <repositoryKey>SourceMeter_python</repositoryKey>
      <key>SM</key>
      <priority>MAJOR</priority>
    </rule>
    <rule>
      <repositoryKey>SourceMeter_python</repositoryKey>
      <key>SOOC</key>
      <priority>CRITICAL</priority>
    </rule>
    <rule>
      <repositoryKey>SourceMeter_python</repositoryKey>
      <key>SP</key>
      <priority>MINOR</priority>
    </rule>
    <rule>
      <repositoryKey>SourceMeter_python</repositoryKey>
      <key>SuOOC</key>
      <priority>CRITICAL</priority>
    </rule>
    <rule>
      <repositoryKey>SourceMeter_python</repositoryKey>
      <key>TFFA</key>
      <priority>CRITICAL</priority>
    </rule>
    <rule>
      <repositoryKey>SourceMeter_python</repositoryKey>
      <key>TFPM</key>
      <priority>MINOR</priority>
    </rule>
    <rule>
      <repositoryKey>SourceMeter_python</repositoryKey>
      <key>TFS</key>
      <priority>CRITICAL</priority>
    </rule>
    <rule>
      <repositoryKey>SourceMeter_python</repositoryKey>
      <key>TMA</key>
      <priority>MINOR</priority>
    </rule>
    <rule>
      <repositoryKey>SourceMeter_python</repositoryKey>
      <key>TMB</key>
      <priority>MINOR</priority>
    </rule>
    <rule>
      <repositoryKey>SourceMeter_python</repositoryKey>
      <key>TMFA</key>
      <priority>CRITICAL</priority>
    </rule>
    <rule>
      <repositoryKey>SourceMeter_python</repositoryKey>
      <key>TMIA</key>
      <priority>MINOR</priority>
    </rule>
    <rule>
      <repositoryKey>SourceMeter_python</repositoryKey>
      <key>TML</key>
      <priority>MINOR</priority>
    </rule>
    <rule>
      <repositoryKey>SourceMeter_python</repositoryKey>
      <key>TMPM</key>
      <priority>MINOR</priority>
    </rule>
    <rule>
      <repositoryKey>SourceMeter_python</repositoryKey>
      <key>TMRS</key>
      <priority>MINOR</priority>
    </rule>
    <rule>
      <repositoryKey>SourceMeter_python</repositoryKey>
      <key>TMS</key>
      <priority>MINOR</priority>
    </rule>
    <rule>
      <repositoryKey>SourceMeter_python</repositoryKey>
      <key>TW</key>
      <priority>MINOR</priority>
    </rule>
    <rule>
      <repositoryKey>SourceMeter_python</repositoryKey>
      <key>ToMA</key>
      <priority>MINOR</priority>
    </rule>
    <rule>
      <repositoryKey>SourceMeter_python</repositoryKey>
      <key>ToMFA</key>
      <priority>CRITICAL</priority>
    </rule>
    <rule>
      <repositoryKey>SourceMeter_python</repositoryKey>
      <key>ToML</key>
      <priority>MINOR</priority>
    </rule>
    <rule>
      <repositoryKey>SourceMeter_python</repositoryKey>
      <key>U</key>
      <priority>MAJOR</priority>
    </rule>
    <rule>
      <repositoryKey>SourceMeter_python</repositoryKey>
      <key>UA</key>
      <priority>MAJOR</priority>
    </rule>
    <rule>
      <repositoryKey>SourceMeter_python</repositoryKey>
      <key>UAV</key>
      <priority>CRITICAL</priority>
    </rule>
    <rule>
      <repositoryKey>SourceMeter_python</repositoryKey>
      <key>UB</key>
      <priority>MAJOR</priority>
    </rule>
    <rule>
      <repositoryKey>SourceMeter_python</repositoryKey>
      <key>UBA</key>
      <priority>CRITICAL</priority>
    </rule>
    <rule>
      <repositoryKey>SourceMeter_python</repositoryKey>
      <key>UEOL</key>
      <priority>MAJOR</priority>
    </rule>
    <rule>
      <repositoryKey>SourceMeter_python</repositoryKey>
      <key>UFSA</key>
      <priority>MAJOR</priority>
    </rule>
    <rule>
      <repositoryKey>SourceMeter_python</repositoryKey>
      <key>UFSK</key>
      <priority>MAJOR</priority>
    </rule>
    <rule>
      <repositoryKey>SourceMeter_python</repositoryKey>
      <key>UIE</key>
      <priority>CRITICAL</priority>
    </rule>
    <rule>
      <repositoryKey>SourceMeter_python</repositoryKey>
      <key>UKA</key>
      <priority>CRITICAL</priority>
    </rule>
    <rule>
      <repositoryKey>SourceMeter_python</repositoryKey>
      <key>UL</key>
      <priority>MAJOR</priority>
    </rule>
    <rule>
      <repositoryKey>SourceMeter_python</repositoryKey>
      <key>ULEF</key>
      <priority>MINOR</priority>
    </rule>
    <rule>
      <repositoryKey>SourceMeter_python</repositoryKey>
      <key>ULV</key>
      <priority>MAJOR</priority>
    </rule>
    <rule>
      <repositoryKey>SourceMeter_python</repositoryKey>
      <key>UNS</key>
      <priority>MAJOR</priority>
    </rule>
    <rule>
      <repositoryKey>SourceMeter_python</repositoryKey>
      <key>UP</key>
      <priority>MAJOR</priority>
    </rule>
    <rule>
      <repositoryKey>SourceMeter_python</repositoryKey>
      <key>US</key>
      <priority>MAJOR</priority>
    </rule>
    <rule>
      <repositoryKey>SourceMeter_python</repositoryKey>
      <key>UTU</key>
      <priority>MAJOR</priority>
    </rule>
    <rule>
      <repositoryKey>SourceMeter_python</repositoryKey>
      <key>UV</key>
      <priority>CRITICAL</priority>
    </rule>
    <rule>
      <repositoryKey>SourceMeter_python</repositoryKey>
      <key>UWI</key>
      <priority>MAJOR</priority>
    </rule>
    <rule>
      <repositoryKey>SourceMeter_python</repositoryKey>
      <key>UnI</key>
      <priority>MAJOR</priority>
    </rule>
    <rule>
      <repositoryKey>SourceMeter_python</repositoryKey>
      <key>UnV</key>
      <priority>MAJOR</priority>
    </rule>
    <rule>
      <repositoryKey>SourceMeter_python</repositoryKey>
      <key>WSIC</key>
      <priority>MINOR</priority>
    </rule>
    <rule>
      <repositoryKey>SourceMeter_python</repositoryKey>
      <key>WSID</key>
      <priority>MINOR</priority>
    </rule>
    <rule>
      <repositoryKey>SourceMeter_python</repositoryKey>
      <key>XB</key>
      <priority>MAJOR</priority>
    </rule>
    <rule>
      <repositoryKey>SourceMeter_python</repositoryKey>
      <key>YOF</key>
      <priority>CRITICAL</priority>
    </rule>
  </rules>
</profile>
